sku;stock_28_02
11881;126
22165;36
10364;63
16011;0
15932;5
17553;34
19597;0
19601;0
19619;10
19629;35
19681;0
19688;191
19710;0
19729;0
19732;0
19738;0
19742;0
19744;0
19748;0
19750;0
19768;0
19769;0
19770;0,025
19772;0
19790;53
19844;59
19853;0
19859;0
19908;200
19919;6
19927;0
19935;51
19765;0
19835;0
19842;12
19845;0
19850;0
19858;57
19903;0
19904;421
19920;14
19924;0
19926;0
19928;0
19931;0
19945;24
19949;24
19951;0
19952;0
19959;35
19961;46
19962;36
19967;0
19971;0
19972;0
19977;0
19983;0
19984;0
19986;0
20050;0
20054;0
20060;0
20092;0
20131;0
20135;0
20138;0
20141;3
20149;92
20166;2
20169;0
20175;0
20176;0
19554;0
19564;134
19575;23
19584;0
19588;148
19600;23
19608;0
19609;82
19611;359
19613;154
19614;213
19621;26
19623;65
19625;59
19655;0
19657;0
19661;0
19663;0
19682;0
19685;13
19687;188
19689;65
19692;31
19699;17
19737;0
19747;0
19752;0
19757;0
19777;0
19807;0
19827;110
19833;61
19836;0
19839;326
19841;28
19843;0
19846;0
19849;0
19857;0
19885;0
19921;6
19942;24
19943;24
19944;24
19953;0
19960;24
19969;0
19979;0
19988;2
2;0
20048;25
20049;0
20074;0
20085;0
20129;13
20132;0
20133;0
20134;0
20139;0
20143;31
20180;15
20182;0
20200;0
20204;12
20215;75
20219;0
20221;10
20223;40
20227;21
20228;10
20235;0
20290;0
20307;0
20314;0
20316;0
20327;0
20402;0
20417;0
20437;0
20454;1
20458;0
20144;13
20147;0
20150;0
20170;10
20189;48
20211;35
20222;31
20225;56
20226;79
20231;0
20234;0
20261;0
20264;0
20294;27
20302;0
20305;0
20317;0
20320;0
20325;0
20326;0
20333;83
19922;22
19933;2
19936;0
19948;24
19950;0
19963;60
19966;0
19970;0
19976;0
19978;0
19981;0
19982;0
20026;0
20051;0
20057;0
20059;0
20068;28800
20073;0
20077;0
20079;21
20462;14
20465;0
20469;11
20470;10
20474;3
20476;7
20480;1
20484;16
20486;5
20488;38
20491;41
20497;0
2050000000010;0
2050000000027;0
20502;7
20658;0
20661;21
20665;24
20667;24
20670;46
20672;31
20676;42
20679;37
20681;0
20685;46
20687;1
20693;24
20694;19
20702;7
20705;34
20737;0
20746;0
20755;0
20766;42
20776;0
20778;0
20878;9
20883;23
20923;0
20927;0
20930;48
19201;0
19213;0
19216;0
19219;0
19220;0
19222;0
19224;0
19233;0
19237;0
19238;0
19239;0
19240;0
19242;0
19249;0
19262;0
19264;0
19270;0
19279;0
19285;0
19288;0
19292;0
19294;0
19302;0
19312;0
19313;0
19317;0
19319;0
19324;0
19355;0
19356;0
19361;0
19376;0
19394;0
19398;0
19401;0
19405;0
19409;0
19422;0
19424;0
19426;0
19427;0
19431;0
19433;0
19435;0
20338;34
20339;0
20353;36
20354;27
20378;133
20387;0
204000000003;0
20401;0
20403;0
20422;0
20435;0
20436;0
20457;0
20461;0
20463;0
20477;5
20487;47
20490;18
20495;18
20496;0
20499;10
20500000000278;0
20646;0
20659;0
20660;0
20662;0
20663;35
20664;54
20666;51
20675;38
20677;23
20680;71
20682;17
20683;30
20684;47
20686;1
20691;22
20698;0
20699;0
20701;14
20703;10
19438;0
19441;0
19465;0
19478;0
19500;0
19501;54
19506;0
19510;0
19511;0
19516;0
19522;36
19531;153
19558;157
19567;0
19574;141
19591;106
19596;0
19607;0
19612;176
19622;43
19624;58
20082;0
20084;0
20086;0
20090;0
20137;0
20142;14
20177;0
20183;0
20193;0
20201;12
20203;24
20207;0
20208;4
20209;0
20212;11
20214;81
20216;78
20220;40
20233;0
20243;51
20266;0
20293;7
20298;1
20303;0
20315;0
20329;0
20363;62
20404;0
20455;0
20460;13
20464;31
20466;18
20468;5
20472;17
20475;9
20479;4
20481;6
20482;9
20485;9
20489;31
20493;13
2050000000041;0
20944;0
20946;0
20947;0
21022;67
21024;48
21030;0
21034;62
21045;0
21073;0
21085;95
21103;24
21123;0
21141;0
21231;0
21252;26
21254;0
21256;13
21261;24
21267;6
19631;242
19652;24
19654;48
19662;0
19683;0
19684;9
19686;0
19695;151
19696;21
19697;258
19741;0
19745;0
19746;0
19751;0
19753;0
19755;0
19766;0
19767;0
19771;0
19789;3
19820;27
19837;0
19840;0
19856;16
19860;219
19905;457
19923;2
19925;0
19929;18
19932;0
19934;0
19946;24
19947;24
19985;0
20055;120
20056;0
20063;0
20069;402
20075;0
20076;0
20080;19
21299;40
21302;62
21303;29
21347;0
21405;30
21409;110
21430;0
21437;0
21446;0
21447;0
21495;0
21528;1196
21558;0
21580;32
21596;69
21598;73
21599;156
200804324031;0
20083;0
20091;0
20136;0
20148;225
20168;27
20181;17
20186;0
20196;108
20202;20
20205;5
20206;9
20210;45
20213;41
20217;54
20218;12
20224;38
20232;0
20236;9
20237;901
20242;0
20756;0
20884;11
20898;38
20899;10
20945;2
21020;46
21023;56
21027;23
21028;0
21029;0
21044;0
21057;70
21058;1
21106;0
21115;0
21118;0
21229;0
21235;0
21240;123
21253;13
21258;24
21265;12
21278;0
21295;113
21296;40
21345;0
21346;0
21351;3
21353;0
21358;0
21408;0
21435;0
21436;0
21445;0
21499;21
21501;16
21521;0
21525;0
21526;0
20501;18
20506;21
20519;82
20668;0
20673;0
20674;37
20688;20
20690;31
20695;24
20696;0
20700;17
20704;39
20745;0
20762;31
20771;0
20772;28
20897;8
20906;0
21025;22
21031;0
20267;0
20292;0
20296;0
20297;2
20299;0
20301;0
20313;0
20318;0
20319;0
20332;44
20418;1,157
21925;69
21926;0
21932;0
21934;0
21935;0
21982;30
21985;51
22005;30
22033;13
22038;21
22052;0
22055;35
22061;18
22105;60
22109;70
22116;56
21033;84
21037;228
21038;11
21039;60
21042;0
21046;23
21086;127
21111;0
21116;0
21142;0
21158;0
21181;0
21188;0
21232;0
21241;44
21891;13
21917;13
21920;31
21927;0
21930;0
21933;0
21936;0
21937;92
21968;0
21969;0
21970;0
21986;30
22034;23
22043;24
22051;19
22053;26
22058;33
22059;36
22069;39
22100;44
22108;48
21266;18
21277;0
21305;45
21317;0
21348;0
21349;0
21406;20
21433;0
21449;0
21498;0
21500;30
21502;1
21503;0
21518;0
21519;0
21520;51
21523;0
21553;0
20500;3
2050000000028;0
2050000000034;0
20516;141
20517;0
20649;84
20650;27
20656;9
20669;45
20671;36
20678;32
20689;17
20692;0
20697;0
20741;0
20743;0
20752;0
20763;29
20764;35
20768;1
20773;19
20828;0
20829;18
20896;161
20948;0
20949;0
21;0
21032;233
21035;66
21043;0
21087;193
21163;130
21164;120
21171;0
21182;25
21230;0
21233;0
21255;0
21263;0
21268;0
21300;45
21344;0
21352;1
21355;0
21407;18
21427;17
21434;0
21438;80
21444;0
21448;0
21472;0
21497;0
21504;0
21515;0
21524;0
21581;32
21586;0
21587;0
21593;391
21653;34
21654;1
21690;47
21692;25
21693;18
21694;17
21696;48
21703;7
21712;5
21758;0
21777;26,78
21928;0
21929;0
21931;0
21965;0
21966;0
21971;0
21978;10
22;0
22016;16
22032;12
22035;18
22036;27
22054;18
22068;29
22072;34
22106;60
22110;70
22112;70
22113;42
22114;48
22119;48
22126;60
22120;60
22122;20
22131;20
22136;48
22141;60
22146;36
22151;0
22157;24
22248;36
22257;64
22258;42
22259;48
22315;9
22316;6
22364;17
22450;0
34;0
36;0
38;1020
45;0
22117;50
22121;24
22125;60
22133;48
22134;48
22143;48
22144;60
22153;24
22154;12
22156;24
22159;12
22162;10
22205;12
22213;60
22246;40
22256;48
22451;0
22452;0
28;0
29;0
5;0
54;0
57;0
61;0
67;0
71;0
72;0
73;0
teste;0
37;0
44;0
46;0
48;0
49;0
51;0
52;0
53;0
60;32,09
65;0
70;0
75;0
8992761111045;0
21597;126
21624;0
21634;0
21679;56
21680;24
21685;0
21686;529
21689;48
21691;42
21695;39
21697;42
21701;7
21702;0
21705;8
21709;11
21734;17
21759;12
21760;128,517
21806;20
20456;10
20459;0
20467;4
20471;0
20473;0
20478;6
20483;8
20492;6
20494;40
21600;192
21602;136
21606;36
21627;0
21632;7
21642;173
21658;0
21659;30
21660;222
21699;39
21707;3
21710;4
21713;34
21755;117
21803;0
21251;13
21257;13
21262;24
21264;0
21601;278
21605;28
21625;0
21626;2
21641;28
21684;233
21698;44
21700;35
21704;5
21706;12
21708;10
21711;9
21756;73
21769;0
13381;0
13385;0
13391;0
17645;0
17646;0
17637;0
21852;18,395
22130;20
22132;20
22139;48
22145;30
22161;16
22189;18
22197;24
22214;10
22232;24
22235;24
22251;40
22314;536
3;0
32;0
33;0
47;0
50;0
55;0
7;0
74;0
76;0
78;0
79;0
80;0
8992761111038;0
teste5;0
teste6;0
21918;17
21919;34
21964;0
21967;0
22037;21
22039;20
22040;12
22071;32
22103;60
22104;60
22107;36
22111;70
22115;50
22118;48
22123;20
22135;80
22138;48
22140;48
22142;40
22150;0
22164;40
22194;36
22210;36
22221;10
22238;60
22305;33
22313;270
22416;6
23;0
25;0
30;0
35;0
40;0
41;0
42;27,092
43;0
56;0
58;0
59;0
6;0
66;0
68;0
69;0
77;0
8;0
teste4;0
21872;5
21884;2
17566;0
17578;0
17579;0
17583;0
17589;0
17590;0
17591;0
17596;94,8
17600;12
17602;0
17603;575
17604;32,999
17606;26,82
17611;0
17618;0
17626;0
17636;0
15886;0
15891;0
15895;0
15896;0
15915;327
15927;0
15946;40
15957;0
15960;0
15966;0
15977;52
15980;0
15995;18
15999;0
17650;0
17656;0
17658;0
17678;39
17679;13
17680;0
17686;0
17695;0
17714;0
17718;0
17631;0
12010;406
12020;0
12030;51
12032;0
12034;0
12043;0
12046;0
12052;0
12054;0
13372;0
13386;0
13387;0
13389;0
13369;0
13377;0
13379;0
13380;0
13382;1,017
15789;0
15793;0
15795;0
15804;0
15808;0
15812;0
15813;0
15817;0
15819;0
15820;0
15832;0
15837;0
15846;0
15858;0
15859;0
15864;0
15868;0
15874;0
15878;0
18618;0
18619;0
18620;18
18622;0
18624;0
18663;0
18664;0
18678;65
18679;34
18681;56
18702;0
18704;0
18713;0
18722;0
18723;0
18729;0
18730;0
18732;39
18748;4
18784;0
18789;0
18793;0
18806;0
18810;0
18812;13
18817;0
18820;0
18821;0
18825;0
18844;328
18848;0
18852;0
18857;120
18867;199
18874;19
18878;81
18880;301
18882;300
18887;129
18919;0
18920;0
18930;0
18657;53
18665;12
18667;0
18676;31
18683;17
18684;3
18690;0
18692;41
18703;0
18739;0
18749;39
18811;25
18813;20
18816;34
18819;0
18826;0
18827;0
18836;141
18837;181
18845;176
18850;0
18851;0
18853;0
18856;0
18859;0
18868;69
18869;25
18872;21
18875;73
18881;300
18883;288
18886;58
18889;181
18945;0
18949;0
18970;0
18974;47
18976;120
18978;75
18369;0
18371;1
18378;5
18390;0
18395;12
18411;0
18438;0
18442;0
18453;0
18464;0
18471;0
18492;0
18505;0
18514;17
18522;0
18542;0
18544;0
18549;0
18550;0
18551;0
18553;0
18557;0
18559;0
18575;0
18585;0
18611;14
18615;0
18617;0
18626;17
18631;77
18646;30
18666;0
18671;12
18673;403
18675;16
18677;0
18680;27
18682;17
18688;0
18689;0
18701;0
18718;10
18721;0
18728;0
18747;47
18757;0
18791;0
18800;0
18803;0
18808;9
18809;46
18815;3
18822;0
18840;174
18841;131
18843;175
18846;213
18849;0
18987;56
18991;104
18992;99
19002;0
19012;0
19026;0
19034;0
19044;0
19051;0
19053;0
19102;0
19105;0
191202;0
191209;0
19121;0
19123;0
19133;0
19135;0
19137;0
19143;0
19145;0
19147;0
19150;0
19156;0
19158;0
19171;0
19174;0
19184;0
19192;0
19198;0
19199;0
19202;0
19205;0
19207;22
19214;0
19226;0
19234;0
19250;33
19252;0
19266;0
19276;0
19281;0
19283;0
18955;0
18962;15
18963;2
18980;244
18985;78
18989;60
18993;24
18995;0
18999;98
19005;0
19007;0
19008;0
19015;0
19016;0
19017;0
19025;0
19027;0
19028;0
19030;0
19031;0
19040;0
19041;0
19050;0
19052;0
19054;0
19067;43
19068;0
19071;0
19095;0
19097;0
19100;0
19103;0
19106;0
19111;0
191204;0
191208;0
19122;0
19124;0
19130;46
19134;0
19142;0
19144;0
19284;0
19289;0
19290;0
19321;0
19326;0
19327;0
19329;0
19332;0
19335;0
19352;0
19354;0
19358;1
19360;0
19362;0
19371;0
19373;0
19374;0
19378;0
19380;4
19382;8
19391;0
19396;0
19155;0
19159;0
19161;0
19168;0
19181;0
19195;0
19196;0
19197;0
19200;0
19203;0
19206;69
19208;10
19209;0
19211;0
19231;0
19241;0
19295;0
19298;0
19306;0
19311;0
19315;0
18543;0
18547;0
18552;0
18560;0
18561;55
18566;0
18576;0
18580;0
18581;0
18610;1
18612;109
18613;0
18614;138
18628;30
18629;29
18632;3
18634;0
18658;10
18668;0
18669;0
19316;0
19334;0
19338;9
19359;0
19363;0
19368;0
19370;0
19372;0
19377;0
19379;0
19384;0
19388;0
19402;0
19404;0
19406;0
19429;0
19430;0
19436;0
19442;0
19446;0
19451;0
19467;0
18672;37
18686;0
18707;112
18716;0
18717;0
18731;0
18768;0
18787;0
18796;0
18802;0
18814;29
18818;0
18823;0
18824;0
18828;0
18838;130
18839;164
18842;149
18847;127
18854;0
18866;293
19397;0
19399;0
19400;0
19417;0
19421;0
19434;0
19437;0
19440;0
19443;0
19485;0
19492;0
19499;0
19502;0
19504;0
19508;0
19509;0
19514;0
19550;0
19551;31
19587;94
19592;99
19598;143
18870;11
18884;0
18888;46
18890;149
18892;30
18917;0
18921;0
18922;0
18928;0
18946;0
18957;0
18960;24
18967;47
18975;203
18979;138
18981;68
18982;149
18984;60
18988;123
18997;169
19010;0
19033;0
19035;0
19036;0
19037;0
19038;0
19039;0
19043;0
19045;30
19046;31
19047;0
19048;0
19049;0
19055;0
19072;0
19073;0
19085;0
19086;0
19087;0
19089;0
19090;0
19092;0
19599;0
19610;345
19618;12
19620;6
19630;33
19632;48
19650;15
19656;0
19660;0
19691;25
19693;19
19694;29
19733;23
19739;0
19740;0
19743;0
19749;0
19754;0
19756;0
19758;0
19101;0
19108;0
19110;0
191201;0
191205;0
191206;0
191207;0
19125;0
19129;0
19149;0
19152;0
19154;0
19160;0
19163;0
19167;0
19175;0
19177;0
19179;0
19183;0
19187;0
18855;0
18865;0
18871;83
18873;16
18877;79
18885;0
18891;128
18916;0
18918;0
18923;0
18933;0
18935;0
18950;0
18956;0
18958;0
18971;0
18972;0
18977;30
18983;48
18986;73
18990;85
18994;22
18996;326
18998;445
19;0
19003;0
19004;0
19009;0
19011;0
19013;0
19014;0
19029;0
19032;0
19042;0
19069;0
19077;0
19078;0
19091;0
19093;0
19094;0
19099;0
19104;0
19112;0
19120;0
191203;0
19126;0
19136;0
19138;43
19148;62
19151;0
19153;2
19162;0
19169;0
19170;0
19176;0
19178;0
19180;0
19182;0
19188;0
19189;443
19191;0
19193;0
19194;0
19204;0
19212;0
19215;0
19217;0
19218;0
19221;0
19223;0
19227;0
19228;0
19229;0
19232;0
19245;0
19247;0
19251;0
19261;0
19263;0
19265;0
19267;0
19268;0
19269;0
19271;0
19273;0
19275;0
19282;7,22
19286;0
19291;0
19301;0
19303;0
19304;0
19308;0
19314;0
19320;0
19322;0
19331;0
19333;0
19337;18
19369;0
19375;0
19383;0
19386;0
19389;0
19390;0
19392;0
19410;0
19416;0
19418;0
19419;0
19420;0
19423;0
19425;0
19428;0
19432;0
19439;0
19453;0
19472;0
19479;0
19484;0
19497;0
19505;0
19515;0
19520;0
19521;0
19546;20
19547;33
19470;0
19483;1
19491;0
19498;0
19503;0
19507;0
19517;0
19548;23
19549;30
19552;88
19565;0
19566;0
19585;209
19586;94
19593;18
17212;0
17214;0
17235;0
17237;0
17238;0
17242;0
17258;0
17267;30
17268;15
17270;138
17272;21
17274;0
17213;0
17236;0
17241;0
17243;0
17249;5
17256;46
17271;22
17273;16
17275;18
17281;0
17283;0
17294;0
17310;0
17315;0
17336;0
17343;0
17346;0
17347;0
17349;0
17354;0
17361;0
17363;0
17364;0
17368;0
17371;31
17373;6
17376;0
17377;78
17386;0
17387;0
17392;0
17394;0
17408;24
17411;70
17417;34
17422;24
17429;24
17440;0
17448;0
17454;0
17462;0
17465;0
17470;0
17475;0
17478;0
17499;54
17505;0
17510;0
17516;19
17517;0
17520;0
17529;17
17530;0
17531;11
17537;0
17539;0
17545;0
17562;9
17564;0
17568;0
17570;27
17282;0
17284;0
17291;120
17300;9
17302;0
17303;65
17314;54
17316;0
17321;0
17326;0
17353;0
17360;0
17362;0
17381;36
17385;26
17402;0
17407;829
17421;0
17425;96
17428;46
17431;33
16748;0
16749;0
16752;0
16757;0
16766;0
16768;0
16804;0
16808;54
16816;0
16817;0
16819;0
16820;0
16822;0
16824;0
16828;0
16832;0
16835;0
16841;0
16843;0
16846;0
16849;0
16855;0
16862;0
16871;0
16877;0
16879;0
16895;0
16907;0
16917;0
16927;0
16947;0
16950;0
16954;34
16958;0
16964;0
16968;25
16985;0
16989;162
16993;354
16995;472
17003;0
17322;0
17323;0
17327;49
17329;0
17338;67
17344;0
17348;0
17355;0
17374;34
17378;12
17380;34
17383;105
17388;0
17389;0
17409;42
17412;49
17413;72
17420;0
17426;88
17434;0
17449;0
17451;0
17453;141
17455;0
17458;0
17481;0
17483;0
17485;0
17503;0
17507;0
17511;0
17514;0
17518;0
17521;0
17524;0
17528;26
17538;0
17543;0
17547;0
17204;0
17215;0
17217;0
17218;0
17220;0
17223;0
17245;0
17247;74
17248;0
17254;0
17285;0
17287;0
17293;0
17295;0
17296;0
17297;0
17301;0
17312;97
17317;0
17320;0
16918;0
16928;36
16931;0
16932;0
16933;3
16934;47
16938;91
16941;53
16942;30
16944;8
16948;13
16959;0
16986;0
16987;13
17;0
17005;41
17007;0
17008;0
17010;0
17011;0
17021;0
17032;0
17034;0
17055;0
17057;0
17058;0
17075;57,914
17076;0
17077;468
17078;0
17079;22,28
17098;2,151
17112;0
17114;0
17129;0
17148;0
17150;0
17152;0
17154;0
17168;0
17173;0
17176;0
17180;0
17182;0
17183;0
17198;0
17439;0
17442;0
17443;0
17444;0
17447;0
17450;0
17472;0
17474;0
17480;0
17498;42
17501;0
17504;0
17506;0
17512;0
17513;0
17522;0
17523;0
17527;0
17540;0
17541;0
17546;0
17009;0
17020;0
17022;0
17025;0
17027;0
17028;0
17051;0
17053;0
17059;0
17066;0
17080;0
17081;0
17083;0
17085;0
17088;0
17089;2
17101;0
17105;0
17110;0
17116;0
17118;0
17121;0
17123;0
17125;0
17127;0
17130;0
17145;0
17147;13
17149;0
17162;0
17167;0
17169;0
17186;0
17191;0
17193;0
17195;0
17197;0
17201;0
17203;0
17550;0
17551;0
17569;42
17572;5
17580;0
17581;0
17585;0
17586;0
17593;0
17597;58
17599;500
17601;1168
17608;0
17610;9
17612;0
17613;0
17614;0
17616;0
17621;0
17571;150
17592;0
17594;0
17598;200
17615;0
17617;0
17619;0
17624;9
17655;0
17657;0
17659;0
17676;0
17677;0
17693;5
17694;0
17710;21
17717;0
17726;0
17727;0
17733;0
17739;0
17652;0
17654;0
17665;0
17667;14
17682;0
17684;0
17698;89
17699;3
17701;0
17713;0
17724;0
17728;0
17729;0
17730;0
17737;0
17746;0
17747;0
17752;0
17776;0
17786;118
17732;0
17735;0
17740;0
17745;0
17770;0
17775;13
17780;64
17783;21
17785;0
17801;0
17803;0
17804;9
17826;1
17827;45
17854;0
17861;0
17863;27
17864;43
17880;79
17882;133
17205;0
17207;0
17209;29
17210;0
17216;0
17246;0
17280;311
17286;0
17292;0
17311;0
17313;20
17319;0
17324;52
17328;0
17330;0
17335;0
17340;0
17342;0
17345;0
17356;0
17357;0
17370;33
17372;48
17375;33
17382;54
17384;115
17401;0
17410;0
17415;0
17416;0
17418;0
17419;0
17423;2
17424;46
17427;24
17430;67
17433;0
17441;0
17452;0
17459;0
17742;0
17743;0
17744;0
17749;0
17751;0
17755;0
17763;0
17764;0
17782;45
17784;52
17816;0
17820;49
17821;31
17825;0
17845;35
17846;13
17875;0
17876;0
17883;150
17892;0
17787;78
17817;0
17823;0
17824;26
17855;0
17881;6
17885;105
17886;61
17895;0
17896;0
17901;0
17902;0
17904;5
17908;9
17910;3
17916;14
17921;29
17922;13
17924;101
17893;0
17897;0
17899;0
17900;0
17905;110
17909;29
17911;10
17912;0
17914;14
17918;3
17920;18
17926;60
17930;0
17935;0
17956;0
17957;0
17960;0
17967;38
17997;0
17928;68
17931;287
17932;0
17940;3
18015;62
18017;80
18018;0
18023;0
18024;0
18026;0
18045;0
18046;0
18047;60
18057;0
18058;0
18062;0
18073;0
18094;0
18115;0
18117;24
17467;0
17489;0
17502;0
17508;0
17509;0
17515;0
17525;0
17544;0
17548;0
17549;0
17552;0
17554;0
17558;0
17559;0
17561;0
17567;0
17582;0
17584;0
17588;0
17595;0
17884;0
17894;0
17898;0
17907;0
17913;0
17915;0
17919;0
17927;21
17958;0
17981;0
17982;0
17987;250
17990;20
17994;0
17998;0
18000;0
18002;18
18005;0
18013;55
18031;0
17605;0
17607;92,5
17609;3
17651;0
17653;0
17666;0
17668;22
17674;11
17683;0
17687;0
17702;0
17707;15
17712;0
18039;0
18041;0
18043;0
18044;0
18049;120
18051;153
18059;0
18066;0
18096;0
18100;0
18102;0
18109;0
18111;0
18113;0
18114;0
18120;19
18126;0
18153;21
18155;0
18157;0
17720;0
17723;0
17725;0
17731;0
17734;0
17736;0
17738;0
17741;0
17748;0
17750;0
17761;26
17781;65
17811;0
17818;0
17819;3
17822;20
17835;0
17844;204
17874;0
17878;0
18003;0
18004;0
18012;0
18014;13
18032;0
18050;0
18052;102
18054;0
18070;0
18071;0
18125;0
18152;8
18165;53
18172;48
18232;0
18264;0
18266;0
18272;11
18273;500
18274;1193
18162;17
18168;0
18195;0
18197;27
18219;0
18229;0
18238;0
18254;0
18265;0
18267;175
18268;7
18275;14
18292;9
18302;28
18324;43
18328;0
18333;0
18338;0
18345;0
18351;23
18119;17
18122;1
18124;0
18158;34
18159;13
18199;0
18218;0
18242;0
18244;26
18253;0
18257;0
18261;15
18301;55
18305;32
18316;30
18342;0
18362;39
18386;11
18394;25
18409;0
18421;0
18425;61
18428;0
18448;0
18450;0
18452;0
18454;0
18456;0
18466;0
18485;0
18489;0
18491;0
18498;0
18508;0
18519;0
18523;0
18527;0
18535;0
18536;0
17906;59
17917;0
17923;47
17925;66
17929;35
17933;0
17955;0
17965;287
17983;0
17991;24
17992;0
17995;0
17999;0
18016;2
18020;0
18022;0
18025;0
18042;0
18056;0
18060;0
18297;20
18300;2120
18304;83
18319;112
18376;25
18387;11
18392;0
18397;1
18403;18
18412;16
18414;2
18417;5
18420;0
18455;0
18461;0
18463;0
18465;0
18474;0
18477;0
18484;0
18365;51
18375;47
18384;0
18388;118
18389;36
18391;6
18393;34
18413;13
18415;2
18418;35
18424;52
18443;0
18447;0
18473;0
18475;0
18476;0
18478;12
18483;0
18506;0
18507;0
18509;0
18511;2940
18513;20
18516;0
18532;0
18534;0
18538;0
18545;0
18555;0
18564;0
18569;0
18572;0
18578;0
18582;0
18616;0
18621;40
18623;88
18625;22
18627;0
18630;0
18063;0
18068;0
18078;690,31
18095;0
18099;0
18101;0
18103;0
18104;0
18110;0
18112;0
18116;0
18118;32
18121;0
18123;0
18156;70
18161;9
18163;24
18198;124
18247;0
18355;89
18363;0
18486;0
18487;0
18490;0
18496;0
18510;0
18512;484
18515;8
18520;0
18521;0
18533;0
18537;0
18539;0
18546;0
18554;0
18558;0
18563;0
18567;0
18573;0
18577;0
10;0
10007;0
10020;0
100201;0
10061;0
10068;0
10078;0
10114;0
10126;3256
10132;0
10135;0
10139;0
10140;0
10200;0
10202;36
10237;22
10240;0
10265;22
10267;0
10280;0
10309;0
10318;0
10320;0
10325;1530
10335;120
10354;2807
10358;0
10374;0
10378;0
10383;0
10389;0
10497;668
10528;0
10539;0
10556;0
10565;0
10579;0
10585;0
11004;0
11015;0
11017;0
11026;0
11056;0
11061;0
11063;0
11094;0
11100;0
11106;0
11108;0
11113;0
11115;0
11122;0
11129;0
11130;0
11136;0
10010;0
10032;0
10039;0
10091;0
10108;0
10109;0
10113;14
10120;2161
10122;1787
10124;2489
10142;0
10211;0
10223;0
10224;1496
10255;0
10258;0
10261;5974
10272;0
10293;124
10308;0
10322;0
10342;2100
10347;3601
10351;2016
10356;1252
10360;0
10363;0
10367;0
10375;0
10376;201
10384;0
10390;0
10393;0
10463;0
10493;579
10495;419
10498;0
10511;0
10547;0
10567;0
10576;0
11003;0
11005;0
11006;0
11007;0
11022;0
11024;0
11065;0
11067;0
11093;0
11096;0
11099;0
11121;0
11128;0
11132;0
0;0
1;0
10004;0
10009;0
10015;0
10079;0
10095;312
10111;0
10134;0
10136;0
10205;0
10206;0
10207;0
10210;0
10212;0
10243;0
10245;0
10246;303
10247;0
10260;0
10262;3001
10263;3961
10269;0
10285;0
10287;0
10291;0
10310;0
10313;0
10346;2634
10350;2175
10352;1741
10353;2257
10357;0
10361;0
10365;0
10373;0
10379;0
10387;0
10391;0
10552;57
10573;0
11;0
11013;0
11016;0
11019;0
11062;0
11064;0
11077;0
11091;0
11105;0
11107;0
11109;0
11112;0
11114;0
11120;0
11123;0
10030;0
10059;0
10066;0
10080;0
10094;734
10110;15
10112;26
10121;3421
10141;0
10216;0
10225;2064
10227;0
10249;0
10252;0
10266;0
10271;0
10281;0
10292;132
10323;0
10324;1702
10333;0
10338;0
10339;0
10343;2353
10344;2438
10348;1817
10349;2004
10368;0
10377;0
10380;0
10392;0
10434;0
10454;90
10499;898
10500;740
10566;0
10587;0
11002;0
11014;0
11020;0
11021;0
11023;0
11025;0
11027;0
11028;0
11055;0
11066;0
11089;0
11090;0
11092;0
11095;0
11097;0
11098;0
11103;0
11104;0
11110;0
11134;0
11163;53
11166;0
11167;0
11176;264
11181;0
11197;0
11202;0
11204;0
11211;57
11232;0
11234;0
11247;0
11255;0
11257;0
11266;0
11280;0
11289;0
11316;0
11325;0
11337;0
11348;178
11350;169
11353;119
11354;0
11367;0
11369;0
11371;0
11376;6
11385;0
11397;12
11409;0
11423;0
11447;0
11450;0
11466;0
11502;0
11503;0
11507;19
11510;18
11512;4
11515;5
11520;2
11530;0
11543;0
11547;13
11559;0
11563;0
11567;0
11574;0
11578;0
11586;0
11593;0
11597;0
11612;0
11640;0
11661;0
11686;266
11886;0
11891;0
11125;0
11126;0
11127;0
11140;0
11171;0
11180;26
11183;148
11213;60
11218;0
11220;0
11223;0
11229;0
11237;0
11238;0
11275;21
11276;22
11277;17
11278;22
11281;0
11302;0
11206;0
11210;0
11212;36
11222;163
11227;0
11236;0
11243;0
11253;0
11254;0
11264;0
11270;0
11272;32
11295;48
11297;0
11299;30
11301;0
11318;0
11319;0
11347;332
11349;0
11372;0
11317;0
11324;0
11328;0
11351;219
11355;0
11370;64
11373;0
11379;96
11396;12
11400;111
11441;0
11449;0
11453;0
11493;0
11501;0
11508;2
11518;13
11519;34
11529;0
11544;0
11116;0
11124;0
11131;0
11135;0
11162;0
11172;0
11198;0
11199;0
11205;0
11207;0
11209;961
11224;0
11239;0
11240;0
11271;15
11273;0
11274;48
11279;20
11288;0
11374;0
11382;0
11384;0
11395;40
11434;0
11455;0
11459;0
11475;0
11478;0
11487;0
11492;0
11496;0
11499;0
11514;0
11545;0
11565;0
11570;0
11589;0
11638;0
11660;0
11546;0
11564;0
11568;0
11572;0
11591;0
11594;0
11639;0
11673;0
11875;0
11876;0
11887;0
11899;0
11901;0
11902;0
11903;0
11904;0
11908;0
11910;0
11915;0
11919;0
11296;0
11310;0
11315;0
11326;0
11327;0
11333;0
11334;0
11340;0
11352;21
11377;19
11387;0
11394;0
11398;26
11399;42
11422;0
11432;0
11486;0
11488;0
11494;0
11497;0
11506;0
11509;37
11511;23
11513;0
11516;18
11521;0
11540;0
11548;63
11558;0
11560;0
11566;0
11590;0
11592;0
11596;0
11986;0
11990;0
12007;28
12008;210
12016;264
12036;0
12101;0
12115;0
12119;0
12129;0
12133;0
12134;0
12169;0
12196;0
12198;288
12200;383
12202;40
12221;0
12223;0
12227;0
12228;0
12231;0
12233;0
12308;657
12309;33
12317;0
12323;0
12326;31
12327;0
12416;0
12427;0
12442;0
12449;0
12460;0
12465;1654
12402;0
12406;156
12407;0
12428;287
12432;0
12434;0
12436;0
12437;0
12452;0
12457;0
12469;0
12470;0
12488;0
12493;0
12494;0
12502;0
12515;0
12516;0
12525;0
12530;0
12541;0
12544;0
12579;0
12589;0
12673;87
12674;23
12684;0
12730;0
12776;13
12777;0
12781;0
12785;0
12801;307
12811;0
12815;0
12820;0
12821;0
12847;0
12853;0
12728;0
12731;0
12733;0
12748;0
12755;0
12767;0
12774;0
12778;0
12779;0
12780;0
12803;6
12807;0
12813;0
12824;0
12831;0
12844;0
12848;0
12860;415
12865;18
12874;0
12878;0
12879;0
12891;0
12916;0
12970;0
12976;0
12990;87
12996;0
13007;0
13008;0
13009;0
13015;0
13017;0
13018;0
13020;0
13021;0
13048;0
13049;0
13053;0
12466;785
12468;0
12472;0
12505;0
12512;0
12514;0
12518;0
12534;0
12549;0
12565;0
12573;0
12577;0
12581;0
12583;0
12587;0
12602;0
12609;0
12626;0
12636;0
12644;0
12651;0
12710;0
12729;0
12746;0
12761;0
12766;0
12773;0
12775;0
12783;0
12799;467
12800;234
12802;291
12804;24
12810;0
12812;0
12814;0
12818;0
12822;0
12856;0
12867;0
12509;0
12521;32
12545;0
12557;0
12566;0
12567;0
12569;0
12590;0
12596;0
12597;0
12599;0
12601;0
12603;0
12656;166
12675;0
12677;0
12685;11
12692;0
12698;0
12699;0
12727;0
12758;334
12760;0
12771;0
12797;0
12817;0
12827;0
12862;143
12881;646
12886;0
12892;0
12901;0
12920;1
12924;0
12928;42
12930;0
12934;0
12936;0
12940;0
12946;0
12948;105
12954;0
12956;0
12958;0
12982;0
13011;0
13013;0
13014;0
13019;0
13022;0
13039;0
13061;0
13074;7
13083;0
13085;0
13099;0
13105;0
13107;0
13129;0
13059;0
13076;0
13097;0
13109;0
13113;0
13121;0
13130;0
13133;0
13134;0
13136;0
13145;18
13147;84
13149;0
13155;0
13178;0
13179;0
13189;0
13191;0
13198;0
12893;0
12898;0
12899;0
12900;0
12912;31
12914;0
12918;0
12926;0
12972;0
12974;0
12978;0
12998;0
13010;0
13023;0
13025;84
13028;0
13082;0
13084;0
13111;0
13119;0
13123;0
13125;0
13127;0
13131;5
13138;380
13152;0
13160;0
13170;0
13172;0
13173;0
13174;0
13180;0
13190;0
13192;0
13193;0
13194;0
13212;0
12882;513
12896;0
12897;0
12922;0
12931;0
12932;0
12942;0
12952;0
12960;0
12964;0
12966;0
12980;15
13016;0
13050;0
13055;0
13057;0
13066;14
13072;0
13078;0
13115;0
13199;0
13207;0
13208;0
13215;0
13218;0
13225;0
13226;0
13227;0
13228;0
13229;0
13237;0
13240;17
13246;0
13249;0
13260;0
13269;0
13296;0
13214;0
13232;0
13250;0
13252;0
13254;0
13270;0
13282;0
13289;0
13302;0
13307;0
13339;0
13346;0
13352;0
13357;0
13364;0
13368;0
13373;0
13141;0
13143;0
13151;0
13153;0
13154;0
13165;0
13175;0
13177;0
13181;0
13187;0
13195;0
13197;0
13201;0
13203;0
13209;0
13211;0
13213;0
13299;0
13304;0
13306;0
13310;0
13313;0
13314;0
13318;0
13324;0
13328;0
13331;0
13336;0
13347;0
13354;0
13356;0
13362;0
13367;0
13375;0
13383;0
13384;0
13388;0
13390;0
13393;0
13406;0
13410;0
13412;0
13421;0
13425;0
13451;0
13455;0
13463;0
13468;0
13473;0
13482;0
13493;0
13494;0
13219;0
13231;0
13239;0
13244;0
13251;0
13253;0
13255;0
13257;823,166
13258;0
13259;0
13266;0
13271;0
13279;0
13281;0
13287;0
13294;0
13301;0
13308;0
13117;0
13132;19
13135;0
13137;406
13139;39
13140;0
13146;0
13148;0
13156;0
13176;0
13186;0
13188;0
13196;0
13200;0
13202;0
13210;0
13220;0
13222;0
13230;0
13245;0
13247;0
13248;0
13261;0
13290;0
13292;0
13305;0
13320;0
13322;0
13325;0
13337;0
13341;0
13343;0
13348;0
13349;0
13355;0
13309;0
13316;0
13317;0
13321;0
13323;0
13327;0
13329;0
13334;0
13338;0
13340;0
13345;0
13353;0
13358;0
13359;0
13360;0
13365;0
13401;0
13405;0
13408;0
13415;0
13418;0
13419;0
13420;0
13426;0
13456;0
13460;0
13466;0
13481;0
13488;0
13489;0
13508;0
13509;0
13519;0
13520;0
13522;0
13539;0
13587;0
13590;0
13595;0
13596;0
13638;0
13648;3,05
13655;0
13698;20
13699;5
13703;0
13709;36
13712;28
13713;0
13714;6
13720;80
13727;0
13736;45
13742;0
13744;0
13757;0
13777;0
13797;33
13809;0
13814;0
13818;0
13855;20
13876;202
13883;0
13700;12
13702;224
13705;29
13710;0
13715;0
13721;0
13724;0
13726;0
13728;0
13740;0
13758;0
13760;0
13776;0
13778;0
13780;434
13798;17
13815;61
13823;37
13831;15
13888;0
13889;0
13894;0
13906;0
13925;0
13935;0
13946;0
13949;0
13951;0
13954;90
13963;0
13965;9404
13980;0
13989;28
13999;0
14023;0
14026;0
14034;0
14042;0
13839;14
13892;1
13927;0
13939;137
13953;0
13959;603
13961;0
13962;0
13969;0
13970;583
13973;0
13974;0
13976;0
13978;0
13981;0
13987;0
13991;10
13992;23
13997;0
13766;0
13779;91
13793;31
13794;0
13799;53
13812;0
13817;0
13880;63
13890;0
13942;0
13944;0
13948;0
13950;0
13956;711
13967;10959
13975;0
13979;0
13988;0
14002;0
14004;0
14015;0
14017;0
14018;0
14035;0
14037;0
14038;0
14045;0
14047;0
14048;13
14052;0
14053;0
14054;0
14059;0
14065;0
14066;0
14067;0
14068;0
14081;0
14092;0
14093;0
14094;0
14099;0
14100;0
14103;0
14106;0
14110;103
14113;0
14116;808
14120;239
14122;0
14124;0
14145;0
14147;0
14149;0
14153;0
13613;0
13625;0
13627;0
13635;0
13639;0
13642;0
13649;0
13651;0
13653;0
13661;0
13678;0
13682;0
13688;0
13689;0
13701;60
13704;0
13711;0
13722;0
13725;0
13730;0
13748;0
13768;0
13772;0
13792;37
13795;117
13810;0
13811;0
13813;0
13863;48
13886;0
13887;0
13891;0
13893;0
13896;0
13897;0
13899;0
13903;0
14006;88
14011;0
14014;0
14020;0
14027;0
14033;0
14039;0
14040;0
14041;0
14043;0
14049;30
14056;0
14061;0
14063;0
14064;0
14069;0
14082;0
14096;0
14104;0
14114;296
14126;0
14132;0
14139;0
14141;0
14143;0
14154;0
14160;0
14162;0
14168;63
14175;0
14206;33
14217;0
14218;16
14221;0
14227;0
14228;0
14229;0
13905;0
13934;0
13936;0
13938;0
13957;378
13960;0
13964;0
13966;14057
13968;0
13971;0
13972;106
13990;29
13993;33
14000;111
14001;0
14003;0
14005;0
14008;0
14036;0
14044;0
14060;0
14085;0
14086;0
14087;0
14088;0
14091;0
14101;0
14108;50
14111;193
14118;283
14128;0
14129;0
14130;0
14135;0
14136;0
14137;0
14142;0
14144;0
14151;0
14165;0
14166;0
14173;0
14213;0
14219;0,54
14220;0
14231;249
14243;0
14246;0
14248;0
14249;0
14294;0
14299;0
14301;24
14305;68
14311;0
14155;0
14156;0
14157;0
14193;0
14194;0
14233;378
14235;582
14236;0
14237;0
14238;0
14239;0
14277;0
14280;0
14283;0
14284;0
14289;0
14303;0
14304;40
14308;38
14309;84
14313;0
14324;0
14328;0
14334;0
14338;0
14340;0
14343;598
14344;239
14348;242
14349;296
14351;219
14355;116
14356;87
14369;0
14379;0
14388;0
14415;265
14419;0
14234;353
14240;0
14242;0
14291;0
14293;0
14297;51
14298;68
14306;70
14307;0
14321;0
14323;0
14326;0
14327;0
14329;0
14331;0
14333;0
14336;0
14339;0
14346;0
14332;0
14337;0
14341;0
14345;47
14350;303
14353;664
14359;401
14361;0
14366;0
14371;0
14381;0
14400;0
14416;0
14417;209
14420;410
14426;0
14433;0
14441;196
14443;330
14347;0
14352;394
14354;358
14358;155
14401;0
14413;0
14418;111
14424;0
14427;0
14430;0
14432;0
14435;10
14436;0
14438;0
14439;0
14442;84
14449;0
14458;0
14050;0
14055;0
14057;0
14058;0
14062;0
14079;0
14083;0
14084;0
14089;0
14090;0
14095;0
14097;0
14098;0
14102;0
14105;0
14107;0
14109;43
14445;131
14448;366
14456;0
14457;0
14462;0
14467;0
14486;0
14491;68
14495;0
14498;0
14499;0
14503;0
14507;0
14514;0
14518;0
14528;0
14529;0
14548;257
14549;59
14553;0
14557;0
14559;0
14582;0
14593;0
14597;0
14601;0
14612;14
14613;0
14625;0
14627;0
14629;0
14631;0
14641;0
14650;0
14653;0
14660;0
14663;0
14666;2
14112;0
14115;0
14117;0
14119;246
14121;0
14123;0
14125;246
14127;0
14134;0
14146;0
14148;0
14150;0
14152;0
14158;0
14159;0
14161;0
14163;0
14164;0
14176;0
14181;0
14226;0
14230;484
14232;309
14276;0
14300;0
14302;0
14310;0
14312;0
14322;0
14325;0
14330;0
14335;0
14342;192
14357;102
14362;0
14364;0
14421;0
14425;37
14428;0
14440;0
14446;0
14459;0
14475;0
14481;36
14485;0
14488;0
14492;0
14494;0
14496;0
14497;0
14504;0
14506;0
14512;0
14520;0
14522;0
14422;60
14431;0
14434;24
14437;0
14444;69
14447;0
14461;0
14472;0
14476;0
14489;0
14490;0
14493;0
14505;0
14510;0
14516;0
14517;0
14519;0
14521;66
14527;0
14525;0
14556;0
14567;2965
14584;0
14588;0
14590;0
14591;0
14600;0
14605;0
14607;0
14619;0
14622;0
14633;0
14640;0
14643;0
14646;0
14647;0
14651;0
14661;0
14668;0
14674;0
14685;0
14687;0
14689;0
14695;0
14696;21
14697;0
14702;0
14704;0
14715;0
14716;0
14733;15
14745;0
14751;0
14755;0
14756;0
14762;0
14763;0
14764;0
14460;0
14463;37
14474;0
14477;0
14484;0
14487;0
14500;0
14502;0
14508;0
14509;0
14558;0
14583;0
14586;0
14587;0
14589;0
14592;0
14594;0
14598;0
14599;0
14620;0
14626;0
14628;0
14634;0
14644;0
14652;0
14655;0
14657;0
14659;0
14662;0
14665;8
14670;0
14678;0
14681;0
14683;0
14684;0
14694;0
14707;0
14713;0
14719;0
14726;0
14728;0
14729;0
14736;0
14738;0
14740;0
14749;0
14753;0
14761;0
14768;0
14770;0
14789;0
14794;0
14809;0
14817;0
14832;0
14854;0
14858;0
14870;0
14874;0
14679;0
14682;0
14701;0
14705;0
14706;0
14712;355
14714;0
14718;0
14744;0
14752;0
14754;0
14766;0
14767;0
14810;0
14811;0
14815;0
14838;0
14841;0
14845;0
14846;0
14546;0
14560;0
14566;4250
14585;0
14621;0
14623;0
14624;0
14630;0
14632;0
14638;0
14639;0
14642;0
14645;0
14664;13
14671;0
14680;0
14686;0
14688;0
14690;0
14769;0
14785;474
14791;0
14793;0
14795;0
14808;0
14813;0
14814;0
14818;0
14822;0
14830;0
14842;0
14843;0
14847;0
14849;0
14868;32
14871;0
14875;0
14882;0
14890;0
14878;0
14885;0
14892;0
14895;0
14900;0
14911;0
14912;0
14917;0
14927;0
14930;0
14934;0
14936;0
14938;0
14947;0
14955;0
14959;0
14962;0
14965;0
14700;0
14703;0
14709;0
14717;0
14722;0
14732;0
14747;0
14760;0
14765;0
14792;0
14797;0
14812;0
14820;0
14823;0
14824;0
14829;0
14833;0
14836;633
14837;0
14839;0
14840;0
14844;17
14848;0
14862;0
14877;0
14880;0
14881;0
14883;0
14888;0
14889;0
14891;0
14893;0
14896;0
14897;0
14899;0
14905;0
14909;0
14913;0
14914;0
14901;0
14902;0
14903;0
14904;0
14908;0
14921;0
14924;0
14928;0
14933;0
14935;0
14941;0
14942;0
14944;0
14948;0
14950;0
14956;0
14957;0
14966;7
14969;47
14971;0
14997;0
11685;3168
11687;4082
11878;0
11916;0
11923;0
11684;0
11877;0
11888;0
11889;34
11890;0
11898;0
11905;0
11909;0
11947;0
11951;0
11952;0
11959;0
11982;0
11987;0
11991;0
11992;0
11999;0
12011;360
12019;0
12023;0
12024;0
12029;26
12031;0
12033;0
12039;0
12040;13
12045;0
12047;0
12051;0
12055;0
12085;0
12087;0
12091;24
12093;22
12097;0
12098;264
12100;0
12114;0
12152;0
12157;0
11900;0
11906;0
11907;0
11911;0
11912;0
11918;0
11933;0
11957;0
11960;0
11988;0
12017;0
12025;0
12035;0
12037;0
12038;0
12113;0
12116;0
12120;308
12123;0
12166;0
12167;0
12180;0
12186;21
12201;0
12210;0
12253;0
12267;158
12272;0
12275;0
12277;0
12278;0
12295;0
12297;0
12298;23
12299;0
12300;0
12312;132
12336;0
12339;0
12346;0
12349;0
12199;0
12205;86
12206;239
12207;72
12212;0
12214;0
12220;0
12224;0
12234;0
12242;0
12271;0
12302;0
12311;133
12316;0
12333;0
12344;0
12351;0
12355;0
12356;0
12367;0
12371;0
12385;3
12443;13
12451;0
12455;0
12462;302
12463;193
12464;87
12467;0
12473;3004
12513;0
12539;1,745
12568;0
12641;0
12652;0
12654;0
12660;0
12663;200
12679;0
12689;0
11920;0
11989;0
12068;0
12083;0
12105;0
12111;0
12121;2336
12128;0
12150;0
12358;0
12374;0
12391;0
12398;0
12405;0
12429;265
12433;0
12435;0
12438;0
12441;0
12461;307
12471;0
12474;689
12482;0
12486;0
12489;0
12492;0
12500;0
12501;0
12507;0
12153;0
12156;0
12215;54
12248;0
12266;0
12269;0
12270;0
12276;0
12294;574
12306;0
12310;321
12313;0
12345;0
12350;0
12366;0
12380;0
12383;0
12389;586
12390;428
12392;0
11939;0
11946;0
11950;0
11954;0
13402;0
13409;0
13423;0
13424;0
13453;0
13454;0
13457;0
13464;0
13467;0
13471;0
13474;0
13497;0
13500;0
13502;0
13505;0
13510;0
13528;0
13529;0
13530;0
13535;0
13536;0
13578;0
13585;0
13599;0
13603;0
13605;0
13606;0
13607;0
13612;0
13614;0
13626;0
13633;0
13636;0
13640;0
13643;30
13652;0
13654;0
13676;0
13677;0
13707;70
13716;0
13717;0
13723;0
13729;0
13732;0
13734;0
13738;0
13746;0
13361;0
13363;0
13394;0
13398;0
13403;0
13404;0
13452;0
13459;0
13462;0
13470;0
13472;0
13490;0
13492;0
13495;0
13496;0
13498;0
13499;0
13501;0
13503;0
13506;0
13507;0
13531;0
13533;0
13537;0
13592;0
13594;0
13598;0
13600;0
13602;0
13504;0
13518;0
13521;0
13523;0
13526;0
13527;0
13532;0
13534;0
13538;0
13582;0
13588;0
13591;0
13593;0
13597;0
13624;0
13644;0
13650;0
13656;17
13374;0
15001;0
15003;0
15007;0
15008;0
15009;0
15016;0
15023;0
15024;0
15029;83
15034;0
15062;0
15070;0
15071;0
15073;0
15075;0
15078;0
15079;0
15082;0
15104;0
15146;0
15152;0
15159;352
15175;0
15177;0
15181;0
15183;0
15185;0
15187;0
15195;0
15197;0
15201;0
15203;0
15205;0
15207;0
15208;75
15219;0
15222;0
15228;0
15236;0
15250;0
15252;0
15255;0
15275;0
15278;0
15285;0
15287;0
15288;0
15291;0
15310;0
15315;0
15330;0
15332;0
15340;0
14967;0
14998;0
15010;0
15012;0
15014;0
15033;0
15042;0
15050;0
15060;0
15080;0
15081;0
15092;0
15099;0
15103;0
15105;0
15106;0
15107;0
15110;0
15113;0
15114;0
15116;0
15120;0
15133;0
15144;0
15160;0
15163;0
15171;0
15178;0
15189;0
15191;0
15198;0
15199;0
15217;0
15218;0
15221;0
15230;0
15243;0
15251;0
14853;0
14857;0
14859;0
14873;0
14879;0
14884;0
14894;0
14898;0
14906;0
14907;0
14910;0
14915;0
14926;0
14929;0
14937;0
14940;0
14946;0
14949;0
14951;0
14952;0
14953;0
14954;0
14958;0
14961;0
14963;34
14970;0
15002;0
15015;0
15017;0
15018;0
15020;0
15030;4
15055;0
15056;0
15057;0
15063;0
15065;0
14916;0
14918;0
14923;0
14925;152
14931;0
14932;0
14939;0
14943;0
14945;0
14960;0
14964;14
14968;0
15011;0
15013;1
15019;0
15022;0
15032;0
15043;0
15051;0
15053;0
15054;0
15059;0
15064;0
15084;0
15090;0
15095;0
15098;0
15100;0
15102;0
15108;0
15109;0
15112;0
15115;0
15117;0
15119;0
15122;0
15132;0
15141;0
15266;0
15268;0
15269;0
15271;0
15281;0
15296;0
15297;0
15320;0
15341;0
15353;0
15354;0
15358;0
15359;0
15360;0
15362;0
15363;0
15369;45
15377;0
15380;2
15382;0
15395;0
15066;0
15067;0
15083;0
15085;0
15086;0
15087;0
15088;0
15089;0
15091;0
15101;0
15111;0
15118;0
15121;0
15148;0
15149;0
15153;0
15155;0
15157;0
15161;20
15168;0
15170;0
15180;25
15182;0
15184;0
15190;0
15192;0
15193;0
15194;0
15200;0
15202;0
15204;0
15220;0
15229;0
15253;0
15256;0
15270;0
15342;0
15345;0
15356;0
15357;0
15370;5
15375;77
15391;0
15393;0
15394;0
15398;0
15402;0
15405;0
15406;0
15433;0
15435;0
15438;0
15443;0
15444;0
15450;0
15453;0
15455;0
15458;0
15474;3
15477;63
15481;0
15487;0
15491;0
15497;0
15502;0
15504;0
15508;0
15512;0
15514;0
15518;0
15522;0
15524;0
15528;0
15529;0
15543;0
15551;0
15396;0
15400;0
15439;0
15441;0
15445;0
15448;0
15464;15
15466;0
15471;0
15473;11
15475;10
15483;0
15498;0
15500;0
15501;0
15505;0
15506;0
15515;0
15516;0
15272;0
15273;0
15274;0
15279;0
15280;0
15282;0
15284;0
15289;0
15318;0
15326;0
15334;0
15348;0
15351;0
15355;0
15361;0
15365;0
15366;0
15374;23
15378;29
15385;0
15390;0
15145;0
15147;0
15154;0
15162;16
15169;0
15186;0
15188;0
15196;0
15216;0
15231;0
15235;22
15237;0
15239;830
15247;0
15248;0
15254;0
15276;0
15286;0
15290;0
15292;0
15311;0
15316;0
15317;0
15319;0
15321;0
15328;0
15333;0
15336;0
15339;0
15343;0
15346;3
15347;0
15352;0
15364;0
15368;0
15371;15
15373;0
15376;31
15379;36
15381;0
15553;0
15557;0
15572;0
15574;0
15578;0
15595;0
15606;0
15646;0
15648;0
15651;0
15653;0
15655;0
15657;0
15660;0
15668;0
15671;0
15673;0
15674;0
15680;0
15392;0
15397;0
15399;0
15403;0
15419;0
15432;0
15434;0
15436;0
15437;0
15440;0
15442;0
15452;0
15454;58
15456;0
15461;0
15465;0
15469;0
15470;0
15490;0
15503;0
15520;0
15521;0
15526;0
15530;0
15532;0
15535;0
15547;0
15549;0
15559;0
15560;0
15562;0
15565;0
15575;0
15576;0
15587;0
15589;0
15592;0
15600;0
15602;0
15604;0
15384;0
15401;0
15407;0
15451;0
15463;34
15468;0
15472;0
15476;12
15488;0
15489;0
15492;0
15496;0
15499;0
15511;0
15513;0
15517;0
15525;0
15531;0
15533;0
15536;0
15537;0
15542;0
15544;0
15548;0
15552;0
15554;0
15558;0
15561;0
15563;0
15566;0
15567;0
15571;0
15573;0
15577;0
15582;0
15584;0
15590;0
15591;0
15593;0
15596;0
15597;0
15610;0
15631;0
15659;0
15662;0
15664;0
15675;0
15676;0
15677;0
15694;0
15721;0
15726;0
15730;0
15732;0
15738;0
15742;0
15748;0
15749;0
15760;0
15782;0
15784;0
15682;0
15696;0
15703;0
15708;0
15710;0
15720;0
15729;0
15737;0
15741;0
15750;0
15767;0
15770;0
15794;0
15798;0
15799;0
15801;0
15803;0
15806;0
15807;0
15809;0
15822;0
15825;0
15835;4
15840;0
15841;0
15843;0
15844;0
15848;0
15849;0
15856;0
15857;0
15861;0
15863;0
15866;0
15867;0
15869;0
15871;0
15873;0
15876;0
15882;0
15507;0
15509;0
15519;0
15527;0
15538;0
15539;0
15540;0
15541;0
15545;0
15546;0
15550;0
15555;0
15556;0
15568;0
15569;0
15580;0
15585;0
15586;0
15594;0
15598;0
15608;0
15888;0
15890;0
15894;0
15901;0
15907;0
15913;0
15914;0
15916;0
15921;0
15922;0
15931;220
15945;0
15949;0
15951;0
15952;0
15959;0
15963;0
15965;0
15969;0
15972;0
15979;0
15983;0
15984;0
15986;0
15990;0
15993;37
15994;30
15998;0
16004;0
16013;0
16014;0
16019;0
16024;0
16030;0
16035;0
16037;0
16038;0
16044;0
15609;0
15623;0
15649;0
15652;0
15654;0
15669;0
15685;0
15686;0
15699;0
15700;0
15714;0
15718;0
15719;0
15731;0
15735;0
15786;0
15787;0
15800;0
15811;0
15815;0
15816;0
15824;0
15828;0
15836;0
15842;0
15847;0
15850;0
15851;0
15855;0
15860;0
15862;0
15870;0
15872;0
15877;0
15883;0
15889;0
15892;0
15893;0
15897;0
15899;0
15905;0
15909;0
15935;0
15941;0
15943;0
15953;5
15955;0
15961;0
15962;0
15964;0
15968;0
15975;0
15988;0
16000;0
16001;0
16010;0
16020;0
16021;0
16032;0
16033;0
15599;0
15601;0
15603;0
15605;0
15607;0
15647;0
15650;0
15656;11
15658;0
15661;0
15663;0
15667;0
15670;0
15672;0
15678;2890
15679;0
15683;0
15684;0
15693;0
16003;0
16005;0
16006;0
16007;0
16008;0
16009;0
16015;0
16016;0
16017;0
16018;0
16023;0
16026;0
16027;0
16028;0
16031;0
16043;0
16046;0
16049;0
16053;0
16065;0
16066;0
16067;0
16068;0
16073;0
16075;0
16077;0
15707;0
15711;0
15733;0
15734;0
15736;0
15740;0
15764;0
15768;0
15769;0
15783;0
15785;0
15792;0
15797;0
15802;0
15805;0
15810;0
15814;0
15818;0
15821;0
15823;0
16061;0
16063;0
16064;0
16069;0
16074;0
16079;0
16080;0
16081;0
16083;0
16085;0
16087;0
16088;0
16092;0
16104;0
16114;0
16121;0
16123;0
16124;0
16140;0
16146;0
16148;0
16155;0
16157;0
16160;0
16166;0
16168;0
16170;0
16176;0
16178;0
16180;0
16186;0
16188;0
16196;0
16206;0
16212;0
16215;0
16217;0
16218;0
16224;0
16235;0
16090;0
16100;0
16103;0
16107;0
16113;0
16115;0
16116;0
16117;0
16125;0
16126;0
16127;0
16133;0
16137;0
16142;0
16144;0
16151;0
16158;0
16159;0
16162;0
16164;0
16034;0
16036;0
16039;0
16041;0
16051;0
16070;0
16071;0
16082;0
16084;0
16089;0
16095;0
16096;0
16097;0
16098;0
16101;0
16111;0
16131;0
16138;0
16145;0
16147;0
15826;0
15827;0
15829;0
15830;0
15831;0
15833;0
15838;0
15845;0
15865;0
15887;0
15903;0
15904;0
15906;0
15908;0
15911;0
15912;0
15917;0
15928;0
15930;0
15933;0
15934;0
15936;21
15938;0
15940;0
15944;0
15948;0
15950;0
15954;0
15956;0
15958;0
15967;0
15970;0
15976;0
15978;0
15981;0
15982;0
15987;0
15991;57
15992;15
15997;0
16002;0
16012;13
16022;0
16025;0
16040;0
16042;0
16045;0
16047;0
16048;0
16050;0
16052;0
16062;0
16086;0
16091;0
16093;0
16094;0
16099;0
16102;0
16237;0
16243;0
16245;0
16247;0
16248;0
16249;0
16254;0
16266;8
16735;0
16747;0
16753;0
16754;0
16756;0
16762;12
16777;0
16827;0
16831;0
16833;0
16837;0
16839;0
16172;0
16182;0
16184;0
16190;0
16194;0
16200;0
16211;0
16220;0
16223;0
16226;0
16229;0
16231;15
16250;0
16253;0
16256;0
16259;0
16260;0
16262;0
16264;0
16736;0
16737;0
16751;0
16755;0
16778;0
16802;0
16803;0
16807;0
16809;0
16810;0
16815;0
16823;0
16829;0
16834;0
16838;0
16840;0
16856;0
16863;0
16864;0
16868;0
16869;0
16870;0
16888;0
16894;0
16898;0
16900;0
16906;0
16909;0
16910;1
16916;0
16919;0
16920;72
16925;0
16929;26
16930;26
16936;40
16937;73
16940;23
16946;0
16949;0
16149;0
16150;0
16152;0
16153;0
16154;0
16165;0
16167;0
16169;0
16175;0
16177;0
16185;0
16187;0
16189;0
16191;0
16198;0
16199;0
16210;0
16213;0
16216;0
16219;0
16221;0
16232;18
16234;12
16239;0
16242;0
16244;0
16251;0
16739;0
16750;0
16763;12
16765;24
16775;0
16776;0
16801;0
16805;0
16806;0
16818;0
16825;0
16826;0
16830;0
16844;0
16848;0
16852;0
16857;0
16860;0
16874;0
16878;0
16880;0
16882;0
16892;0
16897;0
16901;0
16902;135
16904;0
16908;0
16911;0
16912;0
16914;17
16109;0
16110;0
16112;0
16118;0
16119;0
16120;0
16122;0
16128;0
16129;0
16132;0
16139;0
16141;0
16143;0
16156;0
16161;0
16163;0
16171;0
16173;0
16174;0
16181;0
16842;0
16845;0
16853;0
16854;0
16858;0
16859;0
16866;0
16867;0
16872;0
16875;0
16881;0
16887;0
16889;0
16890;0
16891;0
16893;0
16896;0
16899;0
16903;0
16905;0
16913;16
16915;14
16926;0
16935;22
16939;15
16943;1
16945;3
16951;0
16957;113
16962;0
16970;0
17024;0
17030;0
17031;0
17038;0
17056;0
17060;0
17065;0
17068;0
17086;0
17092;0
17106;0
17111;0
17115;0
17117;0
17120;0
17126;0
17128;0
17131;0
17133;0
17144;160
17175;0
17179;0
17185;0
17187;0
17196;0
17206;0
17211;0
16971;138
16972;0
16973;0
16974;0
16984;0
16988;447
17000;0
17015;962
17016;0
17017;0
17018;0
17019;0
17023;0
17026;0
17029;0
17050;0
17052;0
17054;0
17071;0
17082;0
17084;0
16183;0
16195;0
16197;0
16214;0
16222;0
16225;0
16227;0
16228;0
16246;0
16252;0
16255;0
16257;0
16258;0
16261;0
16263;0
16265;0
16725;8
16731;0
16738;0
16746;0
17090;0
17091;0
17100;8
17102;0
17119;0
17122;0
17124;0
17143;34
17146;35
17151;0
17160;0
17166;0
17181;0
17188;0
17189;0
17190;0
17192;0
17194;0
10083;0
10090;78
10290;419
10410;0
10531;182
10538;26
10554;31
11304;120
11306;60
11321;300
11330;71
11332;876
11428;35
11431;224
11435;26
11438;29
11440;0
11483;12
11484;37
11490;6
10022;720
10058;31
10081;42
10097;0
10099;2
10100;0
10213;1690
10236;53
10288;300
10532;313
10533;336
10557;3
11215;72
11216;40
11217;23
11307;7
11312;120
11320;300
11329;140
11336;905
10012;9201
10023;120
10060;84
10101;0
10235;400
10259;36
10388;0
10572;301
10574;134
10578;0
11284;24
11303;60
11308;60
11309;677
11311;0
11313;0
11314;973
11322;60
11335;0
11433;102
10013;6660
10026;27885
10082;65
10088;2
10106;48
10289;228
10535;299
10549;3
10589;371
11300;153
11305;324
11331;1
11429;27
11439;30
11443;11
11444;159
11460;61
11480;12
11482;18
11485;21
11437;26
11442;23
11481;22
11691;30
12203;92
12204;180
12209;120
12268;3
12305;27
12550;0
12551;0
12553;0
12633;6
12683;22
12690;0
12756;0
12787;99
12826;126
12887;108
12889;35
11430;84
11436;38
11461;59
11476;17
11477;70
11491;20
11504;44
11556;246
11688;25
11892;17
12118;190
12304;13
12359;0
12370;19
12388;88
12510;51
12552;0
12696;2
12825;182
13162;14
12742;0
12828;48
12855;279
12888;114
12902;46
13056;0
13068;0
13157;13
13159;27
13168;14
13169;22
13171;19
13217;25
13243;0
13298;11040
13399;677
13400;23
13416;314
13458;630
11489;0
11585;1200
11689;18
11943;192
12001;26
12117;130
12131;408
12211;53
12213;596
12303;8
12387;40
12638;30
13158;15
13166;10
13216;24
13242;17
13407;55
13413;0
13414;208
12894;237
12944;36
13093;110
13101;22
13103;0
13161;7
13163;8
13167;6
13185;90
13427;1092
13800;6
13802;42
13808;36
13907;0
14286;24
14295;166
14316;35
14317;29
13422;114
13469;90
13657;16
13680;0
13706;102
13718;45
13910;0
14046;21
14140;142
14285;79
14287;50
14288;33
14296;193
14482;92
14649;44
14699;0
14973;0
14974;10
13461;0
13465;120
13634;5
13801;0
14131;29
14138;151
14314;12
14318;45
14708;12
14721;40
14723;56
14725;86
14731;33
15027;8
15028;11
15166;11
15179;3
15232;18
16782;148
16785;0
17014;0
17113;95
17135;91
17137;75
17164;727
17172;47
17177;482
17244;14
17250;39
17289;0
17304;28
17308;70
17533;191
17536;180
17573;736
17576;496
15426;0
15428;0
15429;0
15431;0
15681;692
15839;0
15900;1019
16764;18
16770;18
16779;0
16781;0
16784;0
16786;0
16788;0
16790;0
16793;56
16975;135
17001;213
17136;20
17138;34
17142;20
16783;0
16789;149
16791;20
16965;47
16996;1217
16997;215
17134;62
17141;27
17170;0
17184;888
17307;51
17309;6
17406;51
17532;216
17575;555
17675;83
17756;0
17762;6
17769;0
17778;41
17163;0
17171;42
17178;89
17252;83
17288;0
17298;57
17299;163
17305;73
17306;10
17534;161
17565;0
17574;626
17705;158
17754;27
17758;324
17766;50
17767;121
17777;27
17795;14
17577;693
17697;4
17704;23
17706;26
17757;100
17760;48
17765;38
17796;10
17798;0
17799;53
17800;39
17815;1
17833;29
17838;23
17839;69
17888;63
17890;32
17943;76
17945;42
17165;0
17174;0
17239;7
17240;0
17251;44
17253;53
17290;0
17535;178
17542;400
17660;80
17681;0
17685;9
17759;156
17768;7
17797;20
17813;0
17814;9
17840;23
17865;40
17870;0
17802;21
17832;12
17837;0
17841;24
17852;15
17853;57
17862;22
17871;108
17889;49
17941;63
17942;0
17944;45
17948;17
17966;15
18006;16
18009;31
18086;0
18089;0
18167;36
18174;12
17856;131
17866;25
17879;207
17891;59
17938;42
17946;23
17949;0
17953;15
18001;82
18090;0
18091;0
18133;101
18135;4
18170;22
18176;10
18178;7
18180;6
18186;0
18188;37
18196;95
18276;12
18282;12
18285;7
18287;15
18288;11
18294;7
18341;0
18343;0
18348;20
18374;5
18379;11
18380;0
18422;105
18467;192
18524;21
18528;21
18648;132
18694;0
18776;0
18778;0
18781;0
18798;10
18468;144
18526;18
18650;147
18653;556
18660;51
18693;0
18695;0
18696;1
18697;21
18779;42
18782;32
18788;22
18792;10
18794;17
18799;63
18862;9
18961;260
18964;84
19098;0
18444;18
18462;64
18469;120
18525;11
18659;51
18698;3
18705;201
18780;5
18783;127
18785;0
18790;6
18795;0
18805;77
18863;27
18952;6
18959;11
18965;324
19076;3
19131;20
19403;20
18280;14
18283;27
18286;11
18289;9
18291;11
18336;65
18347;52
18398;21
18445;0
18449;71
18457;144
18460;144
18495;78
18529;29
18530;18
18531;11
18647;93
18649;163
18661;313
18674;0
19118;0
19132;55
19255;1
19258;0
19407;0
19513;0
19524;53
19528;9
19537;23
19539;204
19544;147
19645;0
19701;210
19705;27
19803;16
19804;28
19808;34
19810;28
19815;128
19816;26
19894;0
19408;0
19512;23
19518;20
19525;17
19534;71
19538;77
19553;381
19604;0
19626;0
19628;0
19702;182
19707;201
19734;0
19759;0
19776;0
19791;20
19822;56
19865;32
19870;36
19892;0
18804;0
19023;73
19075;4
19119;0
19140;0
19225;0
19259;0
19278;23
19280;25
19357;4
19523;7
19526;29
19527;32
19529;408
19540;52
19541;122
19543;114
19627;0
19690;62
19698;1
19703;12
19895;62
19955;26
20027;0
20029;7
20032;16
20036;34
20042;73
20046;66
20087;7
20089;9
20146;150
20151;0
20155;1
20158;6
20163;6
20164;0
20179;0
20190;63
20229;12
20286;2
20345;0
20372;22
20373;18
20430;35
20510;29
20552;88
20555;68
20557;60
20561;96
20618;16
20628;48
20631;15
20637;24
20641;23
20645;29
20713;128
20719;318
20723;76
20724;129
20728;54
20736;26
20744;5
20748;6
20751;0
20774;21
20846;0
20847;0
20853;75
20854;28
20858;48
20859;29
20860;47
20866;0
20867;0
20871;0
20874;60
20879;44
20910;48
20920;0
20030;0
20033;28
20037;26
20038;27
20039;68
20040;24
20043;61
20152;8
20154;12
20159;4
20161;5
20167;48
20174;0
20188;38
20288;251
20331;10
20351;0
20379;272
20415;0
13164;25
13241;8
13411;62
13681;7
13719;26
13909;0
14133;72
14167;119
14290;18
14315;17
14399;7
14414;11
14464;29
14720;26
14730;52
14975;5
14979;3
15004;79
14976;23
14978;0
15047;169
15076;37
15165;9
15167;11
15210;16
15233;37
15331;32
15349;0
15383;28
15388;14
15415;0
15416;0
15418;0
15420;0
15422;0
15425;0
14319;18
14604;12
14724;24
14759;9
14850;0
14972;35
14977;6
15077;61
15096;3532
15164;10
15209;21
15211;78
15213;85
15421;0
15427;0
15430;0
15581;3
15910;20
15069;1500
15074;122
15212;74
15344;11
15386;16
15446;480
15447;360
15523;250
15579;2
15925;129
15939;0
16108;0
16230;34
16761;12
16771;17
15350;0
15387;28
15389;41
15417;0
15423;0
15424;0
16724;8
16774;0
16780;89
16787;0
16792;97
16794;0
16998;100
17002;31
17004;48
17139;86
17140;176
15996;20
20514;0
20553;15
20560;48
20619;29
20629;24
20630;18
20633;19
20634;5
20640;10
20642;22
20643;24
20644;31
20711;160
20712;179
20714;205
20718;261
20722;0
20727;48
19704;103
19706;33
19792;9
19806;0
19809;21
19891;0
19893;0
19896;0
20035;57
20045;68
20157;0
20160;10
20162;0
20285;11
20330;0
20346;0
20348;0
20349;10
20350;0
20377;72
20381;33
20933;86
20950;50
20953;48
20956;7
20961;62
20965;550
20972;4
20978;14
20979;0
20992;15
20998;24
20999;0
21001;31
21003;12
21009;76
21052;26
21054;13
21056;0
21094;48
21129;0
21131;0
21136;0
21139;0
21149;0
21153;0
21154;0
21157;0
21160;0
21162;6
21170;0
21187;6
21242;48
21244;54
21281;3
21287;0
21308;8
21320;144
21322;112
21324;40
18087;0
18088;0
18136;14
18169;32
18171;0
18173;53
18181;3
18183;12
18184;13
18246;0
18277;13
18278;40
18284;7
18290;6
18360;13
18381;0
18383;15
18396;27
18399;14
18400;13
18182;3
18200;0
18279;9
18281;13
18293;22
18295;25
18296;24
18298;0
18308;142
18309;68
18337;0
18344;0
18346;0
18364;14
18382;20
18416;27
18446;360
18451;540
18458;121
18459;168
17887;48
17947;40
17973;26
17974;3
17976;18
18079;1060
18092;0
18132;42
18134;8
18175;11
18177;9
18185;7
18187;37
18189;31
18258;137
18777;25
18786;1
18807;26
18864;10
18966;26
19024;69
19074;10
19260;0
19535;60
19536;39
19542;103
19563;45
19603;0
19605;0
19606;0
19700;65
19708;0
19735;12
19805;17
20406;0
20412;135
20548;36
20549;20
20551;22
20554;19
20556;59
20562;77
20574;21
20617;0
20621;13
20632;24
20636;14
20638;19
20639;23
20655;2
20747;0
20750;0
20832;896
20845;600
20852;84
20857;0
20861;29
20865;24
20877;7
20901;164
20908;48
20909;0
20922;12
20924;12
20925;12
20952;50
20954;44
20957;20
20960;73
20966;475
20973;22
20974;19
20977;11
20981;0
20988;245
20989;192
20993;66
20994;48
20997;19
21002;57
21016;120
21017;116
21050;76
21053;144
21072;163
21098;48
21133;0
21134;0
21137;0
21328;115
21329;110
21332;39
21333;88
21334;110
21338;1
21339;161
21341;0
21361;0
21388;320
21389;0
21483;0
21484;0
21491;0
21513;0
21532;30
21535;35
21537;36
21542;22
21140;0
21143;0
21147;0
21151;0
21156;0
21243;48
21285;0
21319;36
21327;110
21337;160
21340;88
21359;0
21360;0
21387;320
21391;0
21401;20
21479;0
21482;0
21490;0
19821;31
19832;0
19890;0
19909;105
19918;0
20028;24
20031;0
20034;20
20041;89
20044;73
20052;0
20088;0
20145;389
20156;5
20187;9
20191;27
20308;0
20347;0
20352;0
20369;118
20407;0
20657;25
20715;120
21155;0
21161;18
21169;0
21279;0
21284;0
21286;0
21321;120
21325;48
21331;242
21335;180
21342;156
21343;0
21350;0
21356;19
21357;14
21390;0
21442;0
21481;0
21485;0
21531;30
20720;208
20726;60
20780;41
20783;8
20831;13
20844;0
20848;46
20849;36
20850;30
20851;23
20856;37
20864;0
20868;0
20869;0
20870;0
20873;38
20902;172
20904;46
20918;35
20919;66
20921;20
20951;42
20958;0
20959;22
20963;144
20964;243
20967;14
20970;13
20976;9
20982;2
20985;0
20990;403
20996;15
21047;0
21049;34
21051;97
21117;0
21135;0
21138;0
21148;0
21150;0
21152;0
21159;0
21167;432
21183;9
20716;163
20717;63
20721;253
20725;69
20742;0
20749;0
20754;0
20775;5
20779;0
20781;6
20782;14
20830;23
20855;24
20862;240
20863;7
20880;16
20900;64
20903;64
20907;24
20955;0
20962;258
20968;0
20969;10
20971;16
20975;14
20980;0
20983;4
20984;86
20986;56
20987;28
20991;13
20995;12
21000;48
21048;38
21055;3
21130;0
21132;0
21514;0
21533;39
21543;13
21551;50
21561;0
21565;0
21566;0
21567;0
21582;16
21604;19
21688;10
21747;0
21785;13
21786;41
21809;0
21825;2045
21245;50
21280;35
21283;0
21288;0
21323;176
21326;176
21330;198
21336;180
21386;320
21392;0
21431;0
21432;0
21441;0
21443;0
21480;0
21489;0
21516;0
21517;0
21538;6
21539;18
21540;19
21548;0
21549;7
21552;0
21562;0
21564;0
21585;2304
21609;72
21687;29
21743;0
21751;62
21754;0
21767;60
21784;27
21824;6152
21981;30
21988;60
22000;60
22003;56
22025;51
22044;67
22084;36
22090;24
22093;48
22101;4
22148;24
22149;24
22167;28
21864;7
21963;20
21975;8
21976;5
22023;19
22028;55
22046;16
22047;20
22049;35
22083;36
22087;50
22089;24
22095;120
22147;24
22170;28
22173;24
22181;24
22187;24
22201;24
22224;40
22243;24
22250;40
22253;1
22260;56
22263;120
22267;80
22268;80
22270;60
22273;300
22278;90
22280;60
22283;60
22298;0
22299;0
22368;0
22369;0
22379;24
22396;18
22402;42
22414;18
22433;36
22024;56
22026;42
22048;18
22057;33
22082;36
22086;36
22088;50
22091;48
22102;9
22137;56
22171;24
22183;40
22211;40
22217;18
22219;24
22242;40
22252;1
22262;56
22264;80
22266;60
22434;12
22438;0
22447;0
22453;0
22272;60
22274;300
22276;300
22282;60
22284;60
22286;60
22300;0
22302;0
22304;0
22391;24
22408;24
22412;12
22432;36
22439;0
22444;0
22446;0
22448;0
22455;0
21534;36
21536;24
21541;15
21544;18
21546;15
21550;1
21560;0
21563;0
21545;17
21547;9
21559;0
21571;2200
21583;41
21683;2
21744;24
21746;419
21750;0
21765;52
21787;20
21923;12
21973;6
21974;7
21977;7
21980;29
21987;30
22015;7
20414;0
20431;26
20434;0
21577;0
21588;0
21589;0
21592;0
21610;160
21742;24
21745;24
21749;0
21766;80
21768;72
21800;3
22175;20
22178;20
22185;40
22191;12
22200;18
22222;18
22241;24
22254;1
22261;56
22271;60
22275;300
22281;60
22303;0
22366;11
22370;0
22435;11
22440;0
22443;0
22002;28
22004;58
22027;37
22045;23
22050;3
22077;15
22078;23
22085;36
22092;48
22094;48
22096;120
22163;24
22169;18
22172;28
22245;18
22255;1
22265;80
22269;80
22277;300
22279;90
22285;60
22295;720
22301;0
22392;24
22401;18
22430;18
22436;8
22437;0
22441;0
22442;0
22445;0
22449;0
22454;0
22456;0
20511;107
20515;247
20550;28
20558;105
20559;57
20563;48
20614;55
20616;32
20620;36
20635;9
15971;44
21199;24
21202;3
21205;0
21206;5
21848;2
21849;2
20440;0
20445;0
20498;31
21603;84
21611;16
21618;21
21622;41
21640;14
21644;1
21646;56
21647;10
21662;0
21663;4
21664;0
21666;0
21671;0
21678;14
21681;0
21761;0
21763;0
21771;68
21773;7,975
21778;0
21780;0
21789;38
21818;5
21941;4
21948;0
21949;2
21951;2
21958;0
21959;2
21972;0
21995;60
21996;30
22011;28
22014;15
21529;596
21574;1
21576;0
21591;3
21613;13
21614;24
21620;31
21629;2
21630;4
21635;0
21639;0
21645;29
21661;4
21665;1
21667;0
21673;0
21674;3
21748;45
21757;0
21762;0
21772;30,27
21775;45
21779;0,877
21781;0
21805;31
21304;33
21309;58
21365;0
21375;0
21382;0
21383;0
21384;0
21413;0
21414;0
21418;0
21421;0
21425;6
21440;0
21450;0
21467;0
21477;0
21488;0
21492;0
19886;13
19900;2
19911;24
19912;35
19938;21
19968;0
19980;0
20067;17
20094;4
20101;183
20106;0
20121;50
20126;173
20127;0
20239;26400
20245;0
20246;0
20257;0
20259;0
20260;0
20263;2
21213;0
21217;6
21218;0
21222;4
21226;1
21227;10
21307;43
21314;9
21318;35
21366;6
21371;2
21373;0
21374;1
21378;0
21379;0
21399;1
21412;0
21417;0
21420;0
21423;0
21426;10
21439;0
21460;15
21465;0
21466;0
21469;7
21470;0
21475;0
21476;0
21487;0
21493;0
21496;0
21555;6
21556;0
21557;1
21570;630
21584;117
21595;0
20791;17
20797;24
20802;43
20805;9
20813;3
20814;0
20818;2
20819;12
20822;0
20837;0
20842;0
20872;10
20875;0
20887;36
20890;0
20935;133
21004;0
21010;107
21015;51
21064;93
21070;7
20268;0
20269;3
20272;0
20275;0
20276;0
20281;0
20324;0
20335;9
20361;86
20364;0
20375;521
20376;0
20386;0
20392;24
20411;48
20413;39
21984;85
21997;30
22001;12
22010;36
22022;33
22065;17
22097;420
22099;7
22128;60
22192;48
21082;263
21095;68
21100;24
21119;0
21120;0
21122;0
21166;5
21204;0
21215;10
21219;0
21220;0
21225;0
21290;7
21301;23
21311;26
21362;1
21363;3
21364;0
21368;2
21369;7
20508;60
20509;64
20522;12
20524;18
20579;0
20580;2
20588;0
20589;0
20590;0
20602;116
20603;60
20604;53
20606;37
20610;24
20612;27
20613;26
20729;0
20790;11
20795;2
20796;17
20799;2
20800;0
20803;19
20812;2
20817;8
20823;22
20824;34
20835;0
20836;0
20843;5
20881;232
20885;31
20886;112
20891;32
20895;19
20905;278
20911;6
20931;96
20938;64
20939;64
20941;179
21021;38
21036;18
21060;3
21068;20
21083;302
21125;5
21128;2
21145;0
21200;5
22098;1
22030;24
22056;29
22124;28
22129;96
22198;48
22215;36
22216;48
22234;36
22288;0
22289;2
22290;2
22293;42,9
22297;24
22307;3
22310;9
22324;60
22330;18
22335;18
22336;30
22347;20
21370;0
21376;0
21381;3
21385;0
21400;7
21411;0
21415;0
21424;0
21452;0
21459;2
21463;81
21473;0
21494;0
21575;0
21590;0
21608;120
21612;20
21616;21
21619;16
22218;48
22244;72
22292;97
22296;60
22308;0
22309;5
22317;118
22322;70
22323;70
22328;30
22329;24
22331;12
22337;24
22342;45
22343;40
22344;32
22348;30
22349;24
22352;28
22353;28
22354;28
22358;24
22359;30
22362;24
22363;16
22372;3,185
22373;1,315
22382;24
22383;0
22384;2
22388;16
24;21,619
26;19,479
62222;0
62332;0
6242211;0
626132;0
626212;0
62624;0
22357;24
22387;8
4332;0
4352;0
4372;0
62212;0
62322;0
62432;0
62482;0
62611;0
626122;0
626222;0
626232;0
62662;0
6321;0
6928;0
78884;0
8992761111014;0
21224;0
21306;17
21310;26
21315;62
21316;0
21367;5
21372;1
21377;0
21380;3
21397;0
21410;0
21416;0
21419;0
21422;0
21451;0
21462;0
21464;0
21468;0
21471;14
21474;0
21478;0
21486;0
21530;504
21554;3
21573;0
21594;0
21615;22
21617;24
21621;86
21628;0
21631;3
21638;38
21648;36
21649;0
21650;90
21652;49
99998;0
adt;0
div;0
PagPatrocinio;0
7861;0
descomercial;0
PARQUE;0
22155;48
22203;64
22207;48
22236;48
22291;5
22294;48
22306;5
22320;70
22325;60
22326;60
22340;18
22346;20
22350;30
22356;24
22360;24
22365;2
22386;2
22457;95
27;23,417
31;546
21623;60
21633;0
21643;17
21651;0
21669;0
21675;0
21677;53
21682;2
21782;0
21788;21
21807;113
21823;3
21828;3,42
21837;5
21847;6
21903;30
21938;2
21939;20
21942;0
21945;1
21952;4
21955;0
21960;0
21979;78
21998;57
21999;54
22012;26
22041;16
22060;26
22067;6
21668;0
21670;0
21672;0
21676;2
21752;277
21764;0
21770;9
21774;47,37
21776;15
21783;14
21801;10
21804;24
21842;0
21845;6
21838;14
21912;1
21940;1
21943;0
21944;2
21946;0
21947;2
21950;0
21953;0
21954;0
21956;0
21957;1
22013;16
22029;23
22031;23
22062;34
22064;17
22066;11
22079;101
22127;60
22180;18
22228;48
22231;36
22237;64
22318;151
22319;174
22321;70
22327;72
22332;18
22333;12
22334;18
22338;18
22339;12
22341;12
22345;24
22351;60
22355;28
22361;24
22367;60000
22371;0
22381;16
22385;8
22458;1560
4432;0
62242;0
62262;0
62312;0
62412;0
62613;0
4342;0
62264;0
62382;0
624213;0
62512;0
625121;0
625122;0
62532;0
62652;0
62672;0
62683;0
63822;0
99999;0
acerto;0
VISA;0
21839;4
21841;4
21844;4
21846;6
21850;5
21880;0
21902;5
16054;0
16241;14
16727;19
16730;24
16742;1
16759;144
16812;0
16836;0
16850;0
16851;0
16883;0
16886;0
16923;42
17033;0
17035;0
17037;0
15727;3
15739;0
15743;0
15745;0
15751;1
15766;0
15771;2
15777;0
15780;0
15920;68
15974;27
16055;0
16057;0
16058;0
16072;0
17641;14
17691;66
17711;0
17715;0
17719;0
17722;0
17806;11
17812;1
17828;20
17829;0
17834;5
17836;4
17842;0
17849;63
17858;11
17860;26
17868;46
17869;42
17877;0
17996;0
18019;139
18033;300
18034;14850
18053;2
18080;5
18085;0
18128;0
18151;61
18191;44
20785;24
20789;24
20942;254
21012;5
21019;89
21041;0
21059;1300
21062;4
21065;126
21066;198
21081;301
21093;120
21097;48
21099;40
21121;0
21127;58
21144;0
21223;0
21228;0
21269;0
21289;56
21293;57
21297;22
21298;25
19578;48
19589;110
19590;174
19638;6
19642;5
19644;10
19680;62
19711;27
19715;81
19726;20
19727;37
19731;11
19783;2
19793;0
19799;0
19800;17
19813;19
19819;65
19851;0
19855;0
20792;14
20794;26
20798;5
20807;22
20810;4
20811;0
20816;8
20825;0
20834;0
20838;1
20839;0
20882;0
20888;10
20892;56
20894;42
20912;6
20915;80
20916;55
20932;27
20934;120
20937;96
20419;0
20433;0
20441;17
20504;15
20520;153
20523;15
20527;12
20581;0
20584;0
20586;0
20591;0
20594;0
20605;24
20607;360
20611;16
20615;18
20651;81
20784;48
20786;32
20788;1
20793;12
20801;7
20804;38
20806;1
20808;1
20809;31
20815;38
20820;0
20821;0
20826;12
20827;24
20833;36
18902;9
18924;0
18931;0
18932;0
18934;0
18938;0
18940;0
18973;412
19000;8,51
19022;36
19057;0
19058;5
19088;165420
19127;7
19139;3
19166;0
19185;3
19186;0
19235;0
19236;0
19243;76
19244;33
19272;3
19274;0
19287;0
19300;0
19307;0
19310;2
19328;0
19341;0
19445;0
19449;0
19452;0
19454;0
19456;0
19461;0
19469;0
19471;0
19475;0
19490;0
19545;31
19559;40
19569;9
20365;0
20374;495
20391;12
20393;58
20394;134
20398;72
20399;88
20408;49
20439;0
20442;49
20444;0
20503;8
20521;173
20525;12
20583;0
20593;0
20609;36
20777;7
20787;94
19958;20
19964;0
19973;0
19974;0
19987;16
20;235
20053;0
20078;88
20095;27
20103;0
20104;0
20107;79
20117;0
20123;218
20124;183
20184;0
20238;43600
20241;0
20247;0
20248;0
20249;0
20252;0
20253;0
20256;0
20258;0
20262;0
20271;1
20273;0
20277;0
20279;0
20322;0
20323;0
20328;0
20336;10
20337;0
20357;61
20385;15
20390;9
20396;35
20397;87
20400;80
20840;0
20841;0
20876;0
20893;47
20913;6
20914;0
20917;76
20926;0
20936;0
20940;108
20943;64
21008;0
21018;45
21040;0
21061;30
21063;100
21067;47
21069;101
21071;2
21080;478
21092;35
21096;24
21124;1
21146;0
21198;0
21201;0
21203;0
21207;2
21209;8
21212;7
21214;11
21216;5
18084;0
18097;72
18098;3
18137;164
18142;128
18145;18
18147;32
18149;19
18190;32
18220;0
18226;0
18236;0
18330;0
18335;25
18368;26
18385;6
18401;28
18590;62
18591;57
18593;0
18596;46
18597;59
18599;65
18601;67
18603;29
18636;0
18655;35
18699;26900
18700;13000
18710;88
18715;1
18720;0
18725;116
18733;58
18734;2
18736;6
18541;0
18587;99
18592;19
18602;17
18604;28
18642;6
18656;78
18708;75
18709;228
18714;2
18719;480
18724;3
18738;28
18740;19
18750;2
18752;0
18758;12
18765;13
18766;0
18771;14
18429;0
18430;0
18433;0
18435;0
18436;0
18499;6
18548;132
18556;12
18565;10
18595;12
18600;23
18606;36
18608;40
18654;66
18737;29
18742;13
18760;0
18763;15
18769;7
18774;27
18743;4
18744;4
18746;44
18753;1
18754;27
18756;3
18759;9
18767;47
18772;21
18860;1
18861;1
18895;5
18927;0
18937;1
18943;0
18951;0
19059;6
19096;0
191210;0
19164;1
19173;0
18773;6
18775;15
18894;0
18898;6
18900;10
18925;0
18929;0
18936;0
18939;0
18941;0
18942;0
18944;0
18948;0
19006;3
19018;0
19066;0
19172;0
19257;27
19297;0
19340;2
19350;19
19190;0
19246;0
19296;0
19305;0
19323;0
19330;0
19393;3
19448;0
19460;0
19463;0
19468;0
19473;0
19474;0
19477;0
19480;1
19482;0
19486;0
19488;1
19489;0
19496;1
19519;1
19557;0
18605;16
18609;40
18645;1038
18651;70
18670;3
18685;67000
18691;120
18706;184
18726;69
18727;6
18735;111
18741;16
18745;0
18751;11
18755;36
18762;6
18764;7
18770;17
18858;0
18901;5
19570;39
19571;18
19573;26
19576;0
19577;0
19579;94
19581;168
19583;72
19616;0
19639;16
19640;0
19646;0
19668;0
19670;5
19672;2
19678;99
19679;61
19713;563
19714;23
19716;27
19353;2
19444;1
19447;0
19455;2
19459;0
19462;0
19464;0
19466;0
19476;0
19493;0
19495;0
19560;21
19561;16
19572;0
19580;35
19615;0
19617;56
19633;21
19635;22
19636;15
18893;14
18896;4
18897;5
18899;4
18926;0
18947;0
19001;11,35
19019;0
19020;0
19021;0
19056;1
19128;74
19146;0
19157;0
19165;0
19230;2
19248;0
19253;34
19254;15
19293;0
19299;0
19637;10
19647;42
19669;14
19675;53
19676;40
19677;45
19712;16
19718;21
19722;84
19723;11
19724;41
19730;48
19778;47
19780;0
19787;34
19797;1
19811;20
19823;4
19834;0
19838;5
19719;1
19720;73
19725;68
19779;0
19781;23
19784;10
19794;10
19796;1
19798;6
19817;51
19824;13
19852;0
19854;0
19862;257
19883;54
19884;0
19888;7
19937;16
20081;0
20093;0
19309;0
19318;0
19325;0
19339;2
19381;3611
19395;2
19450;0
19458;0
19481;0
19487;0
19494;0
19562;75
19582;137
19602;522
19634;0
19641;0
19643;7
19667;0
19671;9
19673;10
19674;12
19709;9
19717;17
19721;0
19728;12
19782;0
19785;0
19795;7
19812;16
19814;0
19818;32
19847;3
19861;90
19863;227
19866;25
19867;0
19869;3
19897;98
19899;0
19901;4
19940;66
19848;0
19868;16
19887;21
19889;3
19910;24
19930;0
19939;74
19941;90
19965;0
19975;0
20058;0
20097;6
20099;46
20102;17
20109;5
20110;47
20112;0
20113;0
20114;30
20125;207
20096;41
20098;63
20100;16
20105;0
20108;125
20111;0
20115;1
20116;28
20118;0
20119;0
20120;0
20122;124
20240;3900
20250;0
20255;0
20265;1
20282;0
20284;0
20295;0
20306;0
20128;0
20130;0
20153;6
20185;12
20244;0
20251;0
20254;0
20270;6
20278;0
20280;0
20283;0
20287;60
20289;19
20300;8
20312;0
20334;36
20341;16
20358;112
20359;125
20360;93
20310;18
20321;0
20366;0
20367;0
20382;11
20383;88
20384;73
20388;32
20389;0
20405;0
20409;26
20410;90
20416;34
20443;0
20505;26
20507;1
20526;11
20528;12
20582;0
20585;0
20587;0
20592;0
20595;0
20608;60
10385;0
10502;21
10506;853
10509;235
10548;31
11201;222
11233;60
11345;3120
11463;10
11471;23
11523;257
11693;0,325
11883;1,72
12013;64
12108;0
12188;24,025
11525;28
11531;0
10075;1885
10092;299
10107;5
10314;13
10372;137
10381;0
10505;248
10512;76
11138;4,595
11230;139
11470;74
11473;55
11522;71
11534;20
11573;590
10086;366
10274;27
10311;2
10315;0
10316;781
10327;827
10337;1217
10340;1594
10355;2522
10362;293
10371;117
10386;122
10503;208
10507;33
10510;94
10516;180
11200;77
11464;12
11467;13
11479;0
10003;4
10047;0
10074;0
10076;268
10286;0
10359;71
10370;52
10382;0
10501;2240
10504;271
10508;46
11235;15
11342;387
11465;18
11472;74
11474;84
11533;45
11648;15
12110;7598
12208;424
12222;820
12307;7,86
12363;0
12375;21
12381;44
12396;42
12426;138
12517;23
12519;15
12547;0
12558;0
12559;0
12564;0
12575;9
11692;21,195
11694;41,349
11945;38,805
11963;1
11995;288
12012;79
12089;44
12107;18,024
12185;5,69
12192;1,72
12194;5,955
12324;32
12328;7,568
12361;0
12373;39
12379;0
12399;20
12404;311
12425;250
12454;3
12456;0
11690;34
11994;312
11996;144
12103;0,41
12112;2323
12127;269
12217;4,377
12357;0
12395;10
12401;21
12475;590
12476;324
12484;564
12540;0
12570;38
12576;45
12595;60
12628;8
12770;780
12793;899
12191;0
12216;4,33
12322;243
12382;24
12393;90
12394;23
12400;32
12447;6,18
12453;0
12506;0
12523;31
12526;18
12527;1
12574;54
12649;21
12664;139
12702;8
12849;785
12852;716
12876;0
12483;2042
12485;1569
12522;34
12548;0
12555;18
12697;0
12701;30
12725;0,381
12769;780
12791;25
12795;457
12858;114
12859;55
12868;0
12870;0
12875;0
13027;272
13041;69
13051;0
12598;24
12618;2
12637;121
12650;39
12666;612
12691;39
12700;0
12724;1
12850;788
12851;302
12873;0
12884;1571
12895;118
13035;129
13036;236
13037;57
13038;164
13065;37,92
13095;70
13223;3
12877;0
12883;994
12938;41
12962;44
13004;28
13034;246
13063;0
13091;0
13224;61
13584;27
13610;100
13616;0
13618;0
13660;0
13662;0
13754;155
13821;14
13826;0
13827;0
12857;202
12903;120
12904;6
12984;17
12988;31
13042;72
13070;0
13620;47,38
13623;0
13828;0
13921;0
13982;53
14250;98
14423;95
14562;1150
14563;814
14606;83
14618;17
14658;16
14672;26
14711;41
14735;12
14741;65
13911;0
13947;0
14450;334
14453;160
14455;135
14554;29,735
14615;57
14617;39
14667;0
14669;2
14676;36
14691;0
14693;9
14710;113
14734;23
14739;30
14743;48
14852;1,42
13344;2
13525;30
13589;187
13601;96
13619;7,145
13621;7,26
13750;0
13762;16
13764;41
13770;67
13820;4
13919;0
13920;0
13958;1145
14010;0
14245;24
13524;12
13583;111,465
13611;70
13617;6,815
13622;0,89
13708;26
13752;0
13822;8
13825;0
13918;0
13983;28
13142;1202
13144;224
13221;40
10006;6
10033;184
10085;31
10209;115
10321;44
10328;16
10341;1430
13335;7
15335;0
14009;4,355
14253;134
14384;182
14429;0
14451;171
14609;71
14616;48
14654;0
14673;0
14675;22
14677;20
14692;45
14698;0
14737;71
14821;1
15040;9
15206;33
15337;0
15460;0
14746;182
14856;0
14869;107
14922;3741
15039;279
15151;0
15158;239
15240;0
15242;1950
15367;33
15449;14
15459;3
16267;60
16268;24
16269;27
16733;30
16734;36
16741;58
16743;0
16745;300
16758;144
16813;0
16814;0
16821;0
16861;0
16865;1
16921;0
16922;0
16924;84
16976;0
17042;0
17044;3
17062;0
17064;121
17073;0
17039;0
17040;0
17041;0
17043;2
17045;0
17047;0
17048;0
17049;0
17061;0
17063;8
17067;0
17069;0
17072;0
17219;10
17226;14
17230;37
17379;192
17445;0
17446;0
17457;0
16728;21
16740;120
16760;144
16767;0
16811;0
16884;0
16981;54
16982;70
16983;19
16994;8
17070;0
17104;0
17159;0
17202;0
17222;6
17224;0
17229;1
17232;2
17234;0
17391;15
17436;0
16723;24
16729;11
16744;300
16769;0
16847;0
16873;18
16885;0
17036;0
17046;0
17074;0
17087;13
17094;0
17099;0
17103;0
17107;0
17208;6
17225;2
17227;23
17228;39
17231;50
17093;0
17095;0
17096;0
17097;0
17108;0
17109;0
17221;11
17390;9
17393;6
17435;0
17438;0
17456;1
17463;1
17468;0
17477;2
17493;0
17689;20
17690;24
17692;66
17772;14400
17466;1
17469;0
17473;3
17476;0
17484;0
17487;190
17495;0
17496;6
17526;0
17555;0,985
17640;12
17642;14
17703;0
17716;0
17721;0
17773;8000
17808;20
17830;12
17831;31
17850;92
17437;0
17460;0
17479;0
17488;224
15701;0
15705;0
15716;0
15717;0
15725;2
15744;0
15756;0
15408;0
15564;20
15583;0
15715;0
15723;0
15753;0
15755;2
15762;0
15773;1
15775;2
15779;0
15781;3
15796;0
15898;0
15902;344
15918;24
14452;50
14454;118
14564;989
14608;674
14610;51
14614;23
14648;0
14656;42
14742;36
14748;55
14834;0
15150;0
15173;3
15241;11750
15338;0
15457;0
15687;0
15722;1
15724;3
15728;0
15757;1
15776;0
15788;0
15791;0
16272;6
15746;0
15747;0
15752;1
15754;0
15758;0
15759;0
15761;0
15763;0
15765;0
15772;2
15774;2
15778;3
15790;0
15923;27
15973;0
16060;1
16179;0
15919;115
15947;19
16029;0
16056;0
16059;0
16076;0
16078;0
16105;0
15689;4
16233;15
16726;0
16732;0
15929;67
18221;0
18223;0
18224;0
18231;0
17807;0
17809;19
17857;45
17859;27
17867;116
17980;126
18010;44
18021;45550
18030;64000
18040;4800
18083;0
18127;0
18129;12
18138;97
18139;59
18141;103
18148;43
18150;28
18192;33
17851;97
17961;26
18029;36000
18035;4650
18037;13
18038;0
18048;0
18055;2
18064;25
18130;0
18140;204
18143;198
18144;124
18146;40
18179;81
18213;3
18215;10
18216;11
18217;0
18225;0
18227;0
18228;0
18255;28
18259;160
18271;5
18325;24
18367;38
18372;26
18419;11
18432;0
18434;0
18437;0
18441;0
18481;41
18518;11
18594;38
18598;31
17233;50
17461;1
17464;1
17471;0
17482;0
17486;13681
17494;0
17497;38
17622;1
17771;2550
17805;4
17810;4
17848;7
17978;11
17984;0
18;18,355
18027;126000
18028;2450
18036;5966
18061;0
18222;5
18230;0
18234;0
18260;108
18262;92
18263;38
18269;600
18270;5
18299;6
18332;21
18402;22
18404;0
18407;0
18426;0
18439;0
18440;0
18472;114
18482;20
18540;0
18233;0
18235;0
18237;0
18331;34
18334;12
18405;0
18406;0
18410;120
18427;0
18431;168
18470;4700
18480;60
18488;5
18494;48
18497;12
18562;30
18568;14500
18588;16
18589;86
22168;36
22174;60
22177;36
22186;60
22195;60
22199;60
22212;24
22240;60
22247;60
22249;36
22287;216
22374;6
21887;0
22397;30
22400;36
22405;18
22406;18
22409;18
22415;36
22425;30
22426;36
90050;0
90064;0
90122;0
exp local;0
21234;0
21236;11
21249;49
21259;6
21271;546
21885;3
21890;12
21177;14
21180;1
21196;0
21816;0
21898;0
21989;29
21993;28
22008;30
22017;13
22019;9
22063;17
22075;29
22076;48
22158;36
22188;36
22196;60
22208;80
22225;60
22226;36
22375;11
22376;6
22380;60
22378;21
22390;36
22404;36
22411;18
22413;24
22418;24
22421;45
22422;24
22424;36
22428;24
22431;45
90101;0
22220;60
22230;60
22311;4
22395;48
22403;24
22419;48
22423;48
22429;30
90150;0
90200;0
expresso;0
21273;61
21282;0
21394;442
21396;654
21398;0
21404;0
21428;0
21455;29
21507;37
21714;0
21718;0
21722;4
21725;0
21729;21
21733;0
21738;0
21741;0
21892;0
22006;30
22018;0
22021;0
22073;0
22080;47
22152;240
22166;36
22182;60
22193;36
22202;36
22204;60
22206;36
22223;36
22227;36
22229;36
22233;36
22239;36
22312;22
22377;6
22393;18
22394;36
22398;24
22399;24
22407;24
22410;24
22417;30
22420;24
22427;36
90025;0
90051;0
90075;0
90100;0
90120;0
90180;0
90240;0
explocal;0
21990;80
21992;29
22020;9
22042;34
18711;88
18801;38
18832;316
18876;120
18879;65
18905;10
18909;0
18910;0
21237;16
21239;0
21274;147
21291;13
21312;0
21313;0
18829;31
18833;182
18834;166
18904;23
21193;0
21194;0
21250;86
21270;0
21292;67
21354;0
19993;14
20015;7
20016;0
20020;0
20023;8
20165;24
20304;0
20309;1
20311;0
20342;104
20355;0
20368;0
20370;0
20380;11
20395;207
20425;4
20426;0
20532;30
20534;15
21393;146
21403;0
21429;12
21457;0
21505;25
21512;17
21527;11
21578;83
21579;209
21637;12
21716;14
21719;10
21727;0
21730;52
21735;28
21736;0
21739;0
21808;0
21395;502
21402;0
21454;7
21456;14
21506;17
21508;0
21509;10
21510;11
21607;120
21636;36
21715;5
21720;0
21724;11
21726;0
21731;27
21737;26
21740;6
21799;42
21924;24
21962;67
21983;27
21991;57
21994;15
22007;12
22009;30
22070;48
22074;3
22160;36
22176;60
22179;60
22184;36
22190;36
22209;60
20541;56
20546;103
20547;107
20570;56
20578;22
20598;61
20599;33
20600;28
20622;85
20623;71
20624;6
20626;77
20648;12
20653;49
20654;4
20731;2
20733;7
20734;12
20738;2
20757;20
20761;36
20928;15
20929;114
21011;8
21014;111
21089;144
21091;48
21105;85
21108;72
21109;61
21113;61
21114;60
20625;74
20627;79
20732;8
20739;0
20753;4
20758;33
20769;31
21088;101
21102;100
21173;15
21190;0
21186;0
21189;1
21260;6
21272;11
21275;161
21276;27
21294;0
21453;19
21458;10
21461;10
21511;11
21522;0
21657;5
21717;2
21721;5
21723;0
21728;9
21732;0
21753;46
11927;120
11895;21
11626;2
11641;0
11893;3
11929;38
12041;75
12126;1150
12142;192
12144;57
12232;65
12315;102
12480;781
12635;0
12639;0
12712;0
12809;33
11539;0
11541;57
11550;967
11976;0
11411;82
11426;105
11451;22
11454;92
11457;15
11542;48
11549;164
11552;208
11611;0
11885;112
11931;14
11971;0
12125;14
12145;124
12183;162
12225;27
12238;59
12241;139
12329;204
12376;94
11419;89
11425;60
11462;234
11581;152
12662;1116
12665;48
12757;36
12808;122
12986;6
13032;61
13150;39
13236;55
13632;68
13781;31
13787;89
13790;104
13874;273
12890;242
13235;52
13786;28
13847;71
13879;339
14363;43
14501;28
14827;138
14831;0
15026;0
15035;0
15036;0
15037;0
15038;51
15234;20
15329;48
15372;0
15412;0
15413;0
12661;1210
12693;4
12711;0
12763;42
12805;24
12806;61
13029;45
13030;106
13315;9
13782;39
13784;0
13788;36
13796;47
13933;0
14860;51
14999;0
15031;43
15695;0
10040;60
10041;66
10558;107
11188;127
11245;69
11248;37
11258;88
11265;42
11267;90
11268;225
11286;50
11358;21
11359;65
11360;78
11362;0
11363;8
11375;47
11381;50
11401;68
11405;26
11408;0
10021;23
10056;374
10067;118
10077;261
10103;585
10105;68
10226;718
10550;55
11185;281
11187;170
11241;61
11249;28
11251;72
11259;143
11263;46
11356;7
11357;25
11390;60
11403;76
11404;27
10017;316
10048;348
10069;1725
10093;413
10102;197
10104;149
10203;24
10553;66
10584;1406
11186;244
11242;228
11244;133
11361;136
11380;81
11383;0
11406;24
11412;35
11414;16
11417;72
11420;4
10019;365
10037;11837
10087;350
10119;3225
10125;240
10127;440
10583;1239
10586;1459
11169;90
11246;126
11250;18
11252;164
11256;42
11262;20
11287;3
11364;0
11368;0
11386;58
11391;84
11402;21
11407;3
11413;71
11415;161
11416;23
11418;7
11424;95
11427;54
11452;62
11456;33
11458;40
11524;55
11528;9
11532;49
11551;388
11553;19
11580;218
11993;67
12481;1531
12520;0
12578;63
12588;0
12592;126
12643;105
12645;34
12646;64
12634;25
12640;0
12642;197
12765;84
13031;14
13087;204
13089;0
13233;84
13234;56
15712;7
13878;198
13943;20
13977;643
14070;80
14078;212
14382;60
14727;39
14828;78
15041;334
15045;38
15176;86
15410;0
15479;0
15480;0
15482;0
15485;29
15486;21
15495;0
15924;355
15926;1062
13789;28
13791;840
14835;22
14872;95
15046;99
15227;11
15409;0
15411;0
15494;0
15706;5
15709;0
16238;20
16952;4
16961;68
16967;77
16978;378
17155;43
17157;249
17260;30
15713;18
16240;30
16955;64
16969;18
16977;487
16980;354
16990;370
17132;209
17153;2628
17161;883
17255;6
17257;21
17265;85
17279;678
17325;75
17350;46
17358;62
17359;82
17367;17
17369;18
17397;88
15414;0
15462;198
15467;114
15478;5
15484;35
15493;0
15510;0
15985;41
16270;6
16772;8
16991;241
16992;189
17013;0
17158;0
17262;24
17334;5
17351;38
17366;29
17395;66
17266;35
17277;290
17278;191
17331;16
17333;26
17337;33
17339;104
17341;234
17352;42
17398;53
17400;18
17403;66
17405;0
17492;12
13783;15
13785;108
12377;24
12431;26
12478;220
12487;1869
17661;0
17663;43
17670;6
17672;23
17688;48
17709;126
17669;0
17791;0
17793;45
17843;26
17847;36
17873;0
17934;39
17951;0
17952;39
17954;34
17962;9
17332;61
17365;41
17491;33
17500;38
17563;0
17629;3
17632;1
17671;16
17673;17
17696;79
17753;9
17792;18
17872;0
17903;13
17936;17
17959;24
17963;0
17969;65
17970;39
17986;0
17794;19
17937;0
17950;0
17971;0
17972;68
17977;21
18007;206
18008;16
18011;11
18082;61
18108;0
18160;20
18193;0
18201;0
18203;44
18205;200
18207;153
18208;0
18209;0
18239;83
17399;70
17404;21
17556;166
17662;30
17664;201
17700;0
17708;144
17774;19
17779;79
17789;53
17790;34
17939;59
17975;23
17979;18
17985;0
17989;52
18105;50
18106;15
18107;0
18314;0
18318;39
18322;22
18339;29
18340;0
18353;6
18356;173
18357;15
18359;23
18370;0
18408;1
18500;12
18501;22
18503;12
18517;9
18574;60
18579;10
18652;172
17988;0
18093;12
18131;43
18164;249
18206;770
18210;125
18212;0
18241;23
18243;30
18245;10
18248;2
18249;0
18250;29
18252;0
18306;28
18307;43
18327;18
18349;137
18350;125
18352;37
18361;32
18154;0
18166;130
18194;20
18202;0
18204;102
18211;35
18251;66
18303;59
18310;30
18312;0
18313;43
18317;15
18320;24
18323;2
18329;33
18366;23
18502;11
18639;0
18662;861
18712;0
17964;45
17968;29
17993;0
18081;50
18240;106
18256;67
18311;89
18315;33
18321;3
18326;26
18354;274
18358;26
18377;15
18423;109
18479;0
18504;30
18570;0
18571;0
18586;119
18607;31
18797;20
18911;0
18912;1
18969;120
19344;0
19365;43
19385;0
19532;24
19556;18
19594;80
19648;24
19658;50
19666;84
19736;8
19760;0
19763;6
19773;0
19774;0
19786;0
19788;37
19802;14
18761;29
18830;266
18831;176
18835;0
16236;10
16271;24
16773;7
16876;4
16953;5
16956;1
16960;26
16963;45
16966;1
16979;466
17012;0
17156;47
17259;37
17261;60
17263;57
17264;73
17269;69
17276;77
17318;28
17396;72
17414;14
17432;30
17490;79
17557;100
17560;259
17587;0
17630;0
12021;181
12124;19
12240;10
12444;12
12591;122
18641;0
18907;0
18953;10
18968;96
19256;11
19342;0
19343;0
19347;0
19349;0
19364;0
19533;87
19555;0
19649;195
19659;24
19762;5
18373;18
18954;10
19070;0
19277;0
19366;110
19367;101
19387;0
19568;0
19595;84
19651;61
19871;16
19873;5
19878;41
19879;26
19880;38
19881;167
19906;0
19917;12
19990;28
19994;0
19998;8
20000;3
20025;28
20171;1
20178;61
20195;66
20198;11
20274;0
20423;0
20429;0
19764;0
19828;0
19829;70
19864;8
19872;11
19877;24
19882;96
19898;33
19916;24
19996;6
19997;2
20021;18
20047;53
20061;0
20140;201
20172;49
20173;69
20192;16
20199;30
20291;0
19653;61
19665;11
19761;11
19826;7
19831;71
19875;26
19907;0
19913;79
19915;27
19954;96
19991;0
19992;1
19995;0
19999;5
20017;0
20018;128
20019;7
20022;0
20024;0
20062;0
20513;44
20529;35
20538;88
20539;93
20540;86
20543;84
20544;77
20564;29
20566;48
20572;53
20575;19
20597;44
20652;100
20730;8
20740;30
20760;34
20767;33
20343;31
20362;50
20421;0
20424;0
20428;0
20512;1
20531;21
20535;43
20536;47
20537;37
20542;96
20568;84
20569;53
20573;76
20577;18
20647;114
20735;12
20759;11
20770;14
21007;0
21013;115
21026;0
21077;637
21078;669
21079;491
21104;49
21110;56
21112;57
21126;0
21172;2
21191;0
19210;7
19345;0
19346;0
19351;0
19530;386
19664;5
19775;0
19801;132
19825;23
19830;58
19874;18
19876;18
19914;26
19956;0
19957;2
19989;32
20194;0
20197;0
20340;110
20344;39
20356;0
20371;10
20420;0
20427;0
20447;0
20518;20
20530;80
20533;43
20545;103
20565;56
20567;75
20571;31
20576;11
20596;31
20601;48
20765;16
20889;0
21005;0
21006;0
21084;172
21090;20
21101;40
21107;130
21165;20
21168;90
21175;3
21879;8
12619;8
21210;5
18908;9
21877;18
21856;9
15688;10
21221;16
21656;21
18914;24
21886;13
21830;12
21832;15,68
21812;34
21176;20
21179;21
21904;20
21857;16,629
17625;25
15697;27
11975;39
21833;19,597
18638;27
21811;28
21813;26
21208;21
21819;26
11656;27
21829;21,405
17627;29
21905;19
18640;25
21859;30,78
21861;26,323
21899;38
21895;24
21851;26
17633;21
17628;23
13326;35
21913;21
21211;24
21831;27,945
21858;29,97
11978;36
13366;55,4
11958;24
21867;33,785
21869;36,485
21870;27,435
17639;39
21855;29
21854;27
11625;28
18637;38
18644;36
21889;27
21815;33
11964;29
21874;37,125
21915;30
21655;29
16204;30,05
21195;42
21814;35
21822;32
21881;34
21900;35
21871;37,115
20432;87
20453;32
21865;35
21810;33
21914;37
15704;40
21894;50
20448;39
21860;37,704
21866;38,025
21873;47
12622;64
15698;40
21888;37
21901;39
18915;46
21836;45
21840;39
21835;40
21909;45
21906;49
21821;44
21896;43
21897;50
11628;48
17648;50
21862;49,782
13342;51,62
18214;44,78
18913;45
21185;54
13395;53,825
17635;61
21863;49,045
21853;51,05
18584;53
21878;51
22081;49
21910;67
17623;61,695
21883;53
11617;53
21197;61
11643;61
21843;56
15875;61,38
15884;61,285
21911;72
18583;61,59
15;66
21907;82
21908;82
18069;126
20438;66
20446;126
12614;76
21916;65
21834;73
13300;78
21820;75
11642;79
21875;81,778
17644;84,354
18643;77
18906;76
13312;83
15692;81
15691;76
21827;75
20065;90
16205;86
21893;93
21192;87
15690;94
12620;88
21876;96,007
18633;94
16;96
21174;103
11965;112
21238;124
15880;108,756
21826;116
15264;177
11674;119
20066;170
15881;118,893
20449;145
17638;131
21568;120
16192;129
17634;135
16203;124,434
16201;133,15
11662;128
15702;151
13397;143,683
13396;166,86
16202;142
18903;147
21184;185
20452;148,73
16193;155
21868;167
16207;164
11651;164,395
21178;167
18067;167
13319;196
13311;180
18074;240
21569;180
12067;202,979
21817;202
15534;206,28
17647;218
21882;207
17199;296
21246;226
15325;231,875
15293;239
11649;243,245
17643;254,722
17649;272
16209;273
14;377
20064;284
18076;301
13378;301,72
20707;321
16208;305
17200;310,92
17620;321
15322;323
18075;347
13370;324
21572;381
15261;435
15265;402
15879;378,697
20451;397
18077;417
20450;444
18687;510
20710;460
9;526
20708;566
15295;603
16134;558
13392;537,661
15263;557
21247;632
21248;620
15267;623
15298;755
20709;982
20706;772
13;861
15294;920
15885;940,059
18635;980
12;1057
15260;1144
15258;1138
18072;1337
15308;1427
15259;2065
18065;2507
15262;3201
15257;3457
4;5807
15283;16880
